cod_municipio,nombre_municipio,nombre_departamento,cluster,cluster_nombre,total_atenciones,n_registros,pct_no_def,log_total_atenciones,ratio_consultas_proced,pct_CONSULTAS,pct_HOSPITALIZACIONES,pct_PROCEDIMIENTOS DE SALUD,pct_URGENCIAS
18001,FLORENCIA,Caquetá,3,Grandes centros urbanos,11646961.0,98154.0,27.5,7.066212621232972,0.5815556284870365,35.44,1.05,60.93,2.59
18029,ALBANIA,Caquetá,1,Alta carga NO DEFINIDO,404777.0,16878.0,42.22,5.607215827307863,0.6153467781603542,37.53,0.61,60.98,0.88
18094,BELEN DE LOS ANDAQUIES,Caquetá,2,Perfil quirúrgico medio,601587.0,19627.0,39.79,5.779298442794247,0.6368316174028562,38.35,0.76,60.21,0.67
18247,EL DONCELLO,Caquetá,1,Alta carga NO DEFINIDO,1156565.0,27487.0,41.11,6.063170045535568,0.6062285993804011,37.18,0.78,61.32,0.72
18256,EL PAUJIL,Caquetá,1,Alta carga NO DEFINIDO,738862.0,21010.0,51.27,5.868563331175509,0.4656511350059736,31.18,1.01,66.95,0.85
18410,LA MONTAÑITA,Caquetá,2,Perfil quirúrgico medio,584389.0,22296.0,40.07,5.766702032580087,0.6086452467704538,36.75,0.95,60.37,1.93
18460,MILAN,Caquetá,2,Perfil quirúrgico medio,286953.0,14762.0,37.21,5.457810769513836,0.7721242958386335,42.49,1.02,55.02,1.47
18479,MORELIA,Caquetá,2,Perfil quirúrgico medio,199828.0,11467.0,17.31,5.300656341715307,0.7534635879218473,42.42,0.76,56.29,0.54
18610,SAN JOSE DEL FRAGUA,Caquetá,1,Alta carga NO DEFINIDO,429884.0,14007.0,43.37,5.633351281262571,0.5171190623072177,33.53,0.8,64.83,0.84
18860,VALPARAISO,Caquetá,1,Alta carga NO DEFINIDO,451263.0,12503.0,49.14,5.654429726264277,0.5330751355538341,34.41,0.53,64.54,0.52
18150,CARTAGENA DEL CHAIRA,Caquetá,1,Alta carga NO DEFINIDO,1115291.0,25893.0,41.88,6.04738819761324,0.5516967967015541,34.79,0.89,63.05,1.28
18753,SAN VICENTE DEL CAGUAN,Caquetá,1,Alta carga NO DEFINIDO,1832550.0,32698.0,33.82,6.263055832932732,0.542583280955374,34.53,1.03,63.63,0.81
18756,SOLANO,Caquetá,2,Perfil quirúrgico medio,310251.0,13074.0,49.48,5.491713189989565,0.561511139812722,34.78,1.24,61.93,2.05
18785,SOLITA,Caquetá,1,Alta carga NO DEFINIDO,322362.0,11982.0,47.84,5.508343841560562,0.569446659225004,35.71,0.92,62.7,0.67
18205,CURRILLO,Caquetá,2,Perfil quirúrgico medio,506627.0,18210.0,37.6,5.704688331207681,0.6402142976728613,38.24,0.95,59.72,1.1
18592,PUERTO RICO,Caquetá,1,Alta carga NO DEFINIDO,813713.0,17619.0,42.16,5.910471254404321,0.5985069782538137,36.88,0.97,61.61,0.54
19001,POPAYAN,Cauca,3,Grandes centros urbanos,14573184.0,88918.0,38.45,7.163554448308123,0.6359393232205368,38.15,0.76,59.98,1.11
19022,ALMAGUER,Cauca,1,Alta carga NO DEFINIDO,589853.0,13817.0,52.94,5.770743792585753,0.4711723729064769,31.79,0.39,67.46,0.36
19050,ARGELIA,Cauca,1,Alta carga NO DEFINIDO,1002023.0,20774.0,59.06,6.000877690252229,0.4258456201214223,29.46,0.51,69.17,0.86
19075,BALBOA,Cauca,1,Alta carga NO DEFINIDO,1320665.0,23309.0,56.9,6.120792668407707,0.4879843796936017,32.49,0.39,66.57,0.55
19100,BOLIVAR,Cauca,1,Alta carga NO DEFINIDO,2095238.0,30969.0,53.43,6.3212333620116095,0.4605166051660516,31.2,0.36,67.74,0.69
19110,BUENOS AIRES,Cauca,1,Alta carga NO DEFINIDO,1494037.0,25576.0,56.61,6.174361352965896,0.5468725627827172,35.06,0.34,64.1,0.5
19130,CAJIBIO,Cauca,1,Alta carga NO DEFINIDO,3065139.0,36275.0,59.64,6.48645017398141,0.3587105624142661,26.15,0.34,72.89,0.61
19137,CALDONO,Cauca,1,Alta carga NO DEFINIDO,1103393.0,25719.0,55.85,6.042730224436824,0.400255391600454,28.21,0.69,70.47,0.63
19142,CALOTO,Cauca,2,Perfil quirúrgico medio,760822.0,25034.0,30.76,5.881283062210721,0.8993456505003848,46.73,0.64,51.95,0.68
19212,CORINTO,Cauca,1,Alta carga NO DEFINIDO,1074616.0,26914.0,53.89,6.03125330250848,0.5175222871195819,33.67,0.51,65.05,0.77
19290,FLORENCIA,Cauca,1,Alta carga NO DEFINIDO,557686.0,14289.0,67.56,5.746389742216032,0.3126409338108502,23.57,0.38,75.38,0.67
19355,INZA,Cauca,1,Alta carga NO DEFINIDO,909279.0,18478.0,58.0,5.958697161075809,0.3706777316735822,26.8,0.52,72.29,0.39
19364,JAMBALO,Cauca,2,Perfil quirúrgico medio,186458.0,9647.0,22.75,5.270581021547261,0.881846036001532,46.05,0.9,52.21,0.83
19392,LA SIERRA,Cauca,1,Alta carga NO DEFINIDO,505433.0,17693.0,50.35,5.703663593836428,0.4728301324996278,31.76,0.57,67.16,0.51
19397,LA VEGA,Cauca,3,Grandes centros urbanos,854290.0,22632.0,41.8,5.931605322703548,0.7585655955973726,42.73,0.48,56.32,0.47
19450,MERCADERES,Cauca,1,Alta carga NO DEFINIDO,1371704.0,29121.0,52.51,6.137260405076511,0.5432137285491418,34.82,0.45,64.09,0.64
19455,MIRANDA,Cauca,1,Alta carga NO DEFINIDO,1446983.0,34946.0,47.16,6.1604634288042055,0.5897683397683398,36.66,0.58,62.15,0.62
19473,MORALES,Cauca,1,Alta carga NO DEFINIDO,1381420.0,27135.0,52.4,6.1403257393686665,0.4755171900580442,31.95,0.52,67.18,0.35
19513,PADILLA,Cauca,1,Alta carga NO DEFINIDO,496869.0,12477.0,66.34,5.696241901658157,0.3192931171937284,24.03,0.24,75.25,0.48
19517,PAEZ,Cauca,1,Alta carga NO DEFINIDO,522602.0,12691.0,46.53,5.7181710674412525,0.4556421950860673,30.97,0.6,67.96,0.47
19532,PATIA,Cauca,1,Alta carga NO DEFINIDO,2869884.0,41422.0,57.14,6.457864343013426,0.3953488372093023,28.05,0.53,70.94,0.48
19533,PIAMONTE,Cauca,2,Perfil quirúrgico medio,184879.0,9338.0,40.52,5.2668875834032445,0.574729358539344,35.57,1.55,61.88,1.01
19548,PIENDAMO,Cauca,1,Alta carga NO DEFINIDO,1991966.0,31843.0,54.91,6.299281921367599,0.4616066154754873,31.26,0.53,67.71,0.49
19573,PUERTO TEJADA,Cauca,1,Alta carga NO DEFINIDO,2361728.0,36838.0,47.05,6.373229878501366,0.5933022057639672,36.85,0.41,62.1,0.64
19585,PURACE,Cauca,1,Alta carga NO DEFINIDO,918160.0,19789.0,58.1,5.962918368632926,0.3970443349753694,28.21,0.38,71.04,0.38
19622,ROSAS,Cauca,1,Alta carga NO DEFINIDO,572946.0,19589.0,44.87,5.758113691762929,0.5051781906792567,33.17,0.6,65.65,0.58
19693,SAN SEBASTIAN,Cauca,2,Perfil quirúrgico medio,250751.0,8636.0,39.47,5.399242673670984,0.8655113957430779,45.95,0.53,53.08,0.44
19698,SANTANDER DE QUILICHAO,Cauca,1,Alta carga NO DEFINIDO,4756689.0,47206.0,50.22,6.67730475747431,0.5852564102564103,36.52,0.55,62.39,0.54
19701,SANTA ROSA,Cauca,2,Perfil quirúrgico medio,228560.0,8522.0,34.36,5.359000227374686,0.8368216336358586,45.18,0.41,53.98,0.42
19743,SILVIA,Cauca,1,Alta carga NO DEFINIDO,1397261.0,25050.0,60.62,6.145277537304222,0.3736995422388681,26.94,0.57,72.08,0.41
19760,SOTARA,Cauca,1,Alta carga NO DEFINIDO,293844.0,12901.0,41.82,5.468116827282866,0.5826254207405033,36.35,0.65,62.38,0.62
19780,SUAREZ,Cauca,1,Alta carga NO DEFINIDO,1063460.0,19425.0,63.09,6.02672115939533,0.3963913166055821,28.12,0.39,70.93,0.56
19785,SUCRE,Cauca,1,Alta carga NO DEFINIDO,428747.0,10658.0,63.25,5.632201094244987,0.3647010195646183,26.47,0.64,72.57,0.32
19807,TIMBIO,Cauca,3,Grandes centros urbanos,1341773.0,28411.0,41.45,6.127679048481132,0.6754550093553325,39.71,0.76,58.78,0.75
19821,TORIBIO,Cauca,1,Alta carga NO DEFINIDO,596317.0,19715.0,33.03,5.775477190531305,0.5241785492870427,33.82,0.65,64.51,1.02
19824,TOTORO,Cauca,2,Perfil quirúrgico medio,355072.0,15057.0,31.66,5.550316426385135,0.8544387658527353,45.14,0.97,52.82,1.07
19256,EL TAMBO,Cauca,1,Alta carga NO DEFINIDO,2938222.0,34557.0,55.14,6.468084606203248,0.519448698315467,33.92,0.35,65.29,0.44
19318,GUAPI,Cauca,1,Alta carga NO DEFINIDO,1001041.0,23934.0,50.99,6.000451865400506,0.540625,34.6,0.75,63.99,0.66
19418,LOPEZ,Cauca,1,Alta carga NO DEFINIDO,433179.0,11547.0,62.55,5.636667394386375,0.4308966719953495,29.65,0.57,68.8,0.98
19809,TIMBIQUI,Cauca,1,Alta carga NO DEFINIDO,510264.0,14595.0,50.78,5.707794929192785,0.4432272390821613,29.94,1.01,67.54,1.51
19845,VILLA RICA,Cauca,2,Perfil quirúrgico medio,474520.0,22845.0,22.22,5.67625452172978,1.3585407103165017,56.23,0.76,41.38,1.64
76001,CALI,Valle del Cauca,3,Grandes centros urbanos,131176319.0,205298.0,34.4,8.117855439796557,0.5245212517515179,33.69,0.62,64.22,1.46
76036,ANDALUCIA,Valle del Cauca,1,Alta carga NO DEFINIDO,2636840.0,35601.0,54.72,6.421083778172177,0.4204643164230438,29.34,0.34,69.77,0.54
76041,ANSERMANUEVO,Valle del Cauca,4,Perfil quirúrgico con buen registro,851070.0,20811.0,23.61,5.929965282015825,0.4201861130994989,29.35,0.53,69.84,0.28
76054,ARGELIA,Valle del Cauca,1,Alta carga NO DEFINIDO,198091.0,7776.0,35.53,5.296864744397063,0.4146133029482979,29.11,0.42,70.2,0.28
76111,BUGA,Valle del Cauca,3,Grandes centros urbanos,8619618.0,70192.0,40.0,6.93548801940149,0.5571088165210485,35.07,0.81,62.94,1.19
76113,BUGALAGRANDE,Valle del Cauca,3,Grandes centros urbanos,1361194.0,29548.0,35.58,6.133920026103588,0.6971722365038561,40.68,0.47,58.34,0.5
76122,CAICEDONIA,Valle del Cauca,3,Grandes centros urbanos,2002388.0,36135.0,16.54,6.301548233948649,0.9182292673497005,47.5,0.39,51.72,0.39
76126,CALIMA,Valle del Cauca,1,Alta carga NO DEFINIDO,570335.0,19404.0,41.97,5.756130023944311,0.5701083492670491,35.78,0.53,62.75,0.95
76130,CANDELARIA,Valle del Cauca,3,Grandes centros urbanos,4538895.0,55037.0,38.2,6.6569501361581285,0.611400651465798,37.54,0.48,61.39,0.59
76147,CARTAGO,Valle del Cauca,3,Grandes centros urbanos,7091316.0,81678.0,17.08,6.850726838639026,0.5629001280409731,35.17,1.13,62.47,1.22
76243,EL AGUILA,Valle del Cauca,2,Perfil quirúrgico medio,133992.0,8080.0,7.18,5.127078869562036,1.0253838280450358,50.09,0.61,48.84,0.47
76246,EL CAIRO,Valle del Cauca,1,Alta carga NO DEFINIDO,341359.0,14186.0,32.01,5.533211357601672,0.4548130703561965,30.9,0.68,67.93,0.5
76248,EL CERRITO,Valle del Cauca,1,Alta carga NO DEFINIDO,4367680.0,54100.0,43.05,6.640250812085625,0.5275503778337531,33.51,0.53,63.51,2.44
76250,EL DOVIO,Valle del Cauca,2,Perfil quirúrgico medio,258481.0,11922.0,31.66,5.412428625192355,0.9963555375582102,49.21,0.74,49.38,0.67
76275,FLORIDA,Valle del Cauca,3,Grandes centros urbanos,2102654.0,37197.0,30.06,6.322767813697504,0.8192548874953892,44.42,0.65,54.21,0.71
76306,GINEBRA,Valle del Cauca,2,Perfil quirúrgico medio,485890.0,17000.0,27.17,5.686537961031499,1.0992710120068612,51.27,0.58,46.63,1.52
76318,GUACARI,Valle del Cauca,1,Alta carga NO DEFINIDO,1756145.0,32071.0,46.43,6.244560371535952,0.4936536718041704,32.67,0.56,66.17,0.6
76020,ALCALA,Valle del Cauca,4,Perfil quirúrgico con buen registro,907518.0,25399.0,19.31,5.957855247728149,0.362917764526418,26.17,0.79,72.1,0.93
76497,OBANDO,Valle del Cauca,4,Perfil quirúrgico con buen registro,916613.0,28876.0,22.08,5.962186012398434,0.5105343511450381,33.44,0.6,65.49,0.47
76520,PALMIRA,Valle del Cauca,3,Grandes centros urbanos,20039342.0,108759.0,37.13,7.301883457192181,0.6288642750867912,38.04,0.6,60.48,0.88
76563,PRADERA,Valle del Cauca,3,Grandes centros urbanos,2728387.0,36256.0,35.78,6.435905971572454,0.8074963609898108,44.38,0.39,54.95,0.27
76606,RESTREPO,Valle del Cauca,1,Alta carga NO DEFINIDO,538450.0,16355.0,33.09,5.731145381297382,0.5337052533705253,34.44,0.53,64.52,0.51
76616,RIOFRIO,Valle del Cauca,1,Alta carga NO DEFINIDO,721377.0,17209.0,43.26,5.858162291389164,0.6472448809721991,38.88,0.44,60.06,0.62
76622,ROLDANILLO,Valle del Cauca,1,Alta carga NO DEFINIDO,1574084.0,31712.0,26.84,6.197027904492599,0.4666071694184144,31.37,0.88,67.22,0.53
76670,SAN PEDRO,Valle del Cauca,1,Alta carga NO DEFINIDO,853086.0,23888.0,44.74,5.930992814805013,0.6624600370183409,39.37,0.51,59.42,0.7
76736,SEVILLA,Valle del Cauca,1,Alta carga NO DEFINIDO,4797778.0,51272.0,46.24,6.681040148674425,0.6178001952489424,37.97,0.42,61.45,0.17
76823,TORO,Valle del Cauca,1,Alta carga NO DEFINIDO,838871.0,19482.0,36.41,5.923695180977,0.339095205941931,25.11,0.5,74.04,0.35
76828,TRUJILLO,Valle del Cauca,1,Alta carga NO DEFINIDO,1454959.0,26831.0,41.66,6.16285075529812,0.4553728714034057,31.02,0.42,68.11,0.45
76834,TULUA,Valle del Cauca,1,Alta carga NO DEFINIDO,16422257.0,83806.0,49.1,7.21543284433551,0.4446070540026343,30.38,0.51,68.32,0.8
76845,ULLOA,Valle del Cauca,2,Perfil quirúrgico medio,57410.0,4660.0,23.09,4.758987546867619,0.779425058759718,43.11,0.77,55.3,0.82
76863,VERSALLES,Valle del Cauca,1,Alta carga NO DEFINIDO,453495.0,15625.0,46.38,5.656572503117436,0.5805986873699376,36.27,0.6,62.46,0.67
76869,VIJES,Valle del Cauca,2,Perfil quirúrgico medio,405673.0,15959.0,29.71,5.608176103732872,0.5856889032466484,36.26,1.21,61.9,0.62
76890,YOTOCO,Valle del Cauca,1,Alta carga NO DEFINIDO,1226253.0,28180.0,51.03,6.088580082880851,0.5360199159794616,34.45,0.48,64.26,0.82
76892,YUMBO,Valle del Cauca,1,Alta carga NO DEFINIDO,4683792.0,54026.0,53.89,6.670597600478467,0.4183278359386204,29.17,0.57,69.72,0.54
76895,ZARZAL,Valle del Cauca,3,Grandes centros urbanos,2971183.0,47900.0,29.96,6.472929401531908,0.7967213114754099,43.74,0.79,54.89,0.58
76403,LA VICTORIA,Valle del Cauca,4,Perfil quirúrgico con buen registro,537446.0,20492.0,27.29,5.7303348349501535,0.5764387055635262,36.16,0.72,62.72,0.4
76400,LA UNION,Valle del Cauca,1,Alta carga NO DEFINIDO,2157178.0,39774.0,26.22,6.333885982482376,0.448386625784786,30.71,0.57,68.48,0.23
76377,LA CUMBRE,Valle del Cauca,4,Perfil quirúrgico con buen registro,393886.0,14908.0,23.04,5.595370544833516,0.5071624504724169,33.28,0.37,65.61,0.74
76364,JAMUNDI,Valle del Cauca,3,Grandes centros urbanos,4120755.0,57134.0,29.14,6.614976794259827,0.5820727389765047,36.17,0.69,62.13,1.01
76100,BOLIVAR,Valle del Cauca,1,Alta carga NO DEFINIDO,478652.0,16621.0,39.77,5.680019877909484,0.5674948567811363,35.86,0.61,63.18,0.35
76233,DAGUA,Valle del Cauca,1,Alta carga NO DEFINIDO,1139262.0,28878.0,35.81,6.056623611760815,0.4830635491606714,32.23,0.46,66.71,0.59
76109,BUENAVENTURA,Valle del Cauca,1,Alta carga NO DEFINIDO,9787123.0,63440.0,47.09,6.990655046363772,0.4655402401067141,31.41,0.51,67.46,0.62
52683,SANDONA,Nariño,5,Alta demanda de urgencias,1802461.0,35488.0,37.08,6.255865876626955,0.5352447330904483,33.79,0.47,63.12,2.62
52685,SAN BERNARDO,Nariño,3,Grandes centros urbanos,345948.0,9479.0,13.59,5.539010824196704,0.9818069051064712,47.49,0.46,48.36,3.69
52687,SAN LORENZO,Nariño,5,Alta demanda de urgencias,702837.0,18004.0,49.97,5.846854616330456,0.4758352758352758,30.62,0.57,64.34,4.47
52560,POTOSI,Nariño,1,Alta carga NO DEFINIDO,784251.0,24817.0,34.65,5.894455081139888,0.5487244493741087,34.63,0.66,63.1,1.61
52693,SAN PABLO,Nariño,1,Alta carga NO DEFINIDO,941097.0,25562.0,47.26,5.973634388989055,0.599670510708402,36.4,0.61,60.69,2.29
52565,PROVIDENCIA,Nariño,5,Alta demanda de urgencias,300856.0,15286.0,53.78,5.478358677090456,0.4756955548448993,29.75,0.57,62.53,7.15
52694,SAN PEDRO DE CARTAGO,Nariño,1,Alta carga NO DEFINIDO,504144.0,12571.0,50.03,5.702554602860283,0.6088031651829872,36.93,0.41,60.65,2.01
52573,PUERRES,Nariño,3,Grandes centros urbanos,859333.0,21034.0,33.37,5.934161489835904,0.8602760446209113,45.5,0.35,52.88,1.27
52699,SANTACRUZ,Nariño,1,Alta carga NO DEFINIDO,414235.0,10811.0,37.26,5.617246790995599,0.5148272699480281,33.68,0.39,65.41,0.52
52585,PUPIALES,Nariño,1,Alta carga NO DEFINIDO,1595148.0,30250.0,53.87,6.202800983695044,0.5016829865361077,32.79,0.5,65.35,1.36
52678,SAMANIEGO,Nariño,1,Alta carga NO DEFINIDO,2871409.0,35268.0,59.57,6.458095057279526,0.4721062052505966,31.65,0.37,67.03,0.95
52207,CONSACA,Nariño,5,Alta demanda de urgencias,882258.0,26148.0,27.01,5.945595605076895,0.6447547683923706,37.86,0.41,58.71,3.02
52210,CONTADERO,Nariño,1,Alta carga NO DEFINIDO,678178.0,21901.0,40.86,5.831343697217984,0.5407501186896662,34.17,0.48,63.18,2.18
52215,CORDOBA,Nariño,5,Alta demanda de urgencias,1024860.0,28834.0,21.37,6.010664543069701,0.5966942148760331,36.1,0.54,60.49,2.87
52001,PASTO,Nariño,3,Grandes centros urbanos,33326113.0,131793.0,33.22,7.522784662562616,0.7291482983600776,41.35,0.55,56.7,1.4
52019,ALBAN,Nariño,1,Alta carga NO DEFINIDO,710971.0,14812.0,46.17,5.851851886528876,0.4987127063456005,32.93,0.34,66.02,0.71
52022,ALDANA,Nariño,3,Grandes centros urbanos,534174.0,12668.0,36.31,5.727682745663404,0.8905798497399345,46.23,0.42,51.9,1.45
52224,CUASPUD,Nariño,1,Alta carga NO DEFINIDO,1130526.0,22228.0,47.43,6.053280554763364,0.5030246626337832,32.43,0.33,64.46,2.78
52036,ANCUYA,Nariño,5,Alta demanda de urgencias,489103.0,15153.0,50.9,5.689400326651685,0.4762357414448669,30.06,0.37,63.11,6.46
52051,ARBOLEDA,Nariño,5,Alta demanda de urgencias,423484.0,13687.0,34.75,5.626837006536912,0.6466587315082469,38.03,0.47,58.8,2.7
52083,BELEN,Nariño,5,Alta demanda de urgencias,500064.0,19239.0,23.56,5.6990255904722655,0.5992315402606081,35.87,0.53,59.85,3.76
52110,BUESACO,Nariño,5,Alta demanda de urgencias,1284808.0,31691.0,34.1,6.108838232125949,0.5801705400434711,34.7,0.52,59.8,4.98
52203,COLON,Nariño,5,Alta demanda de urgencias,843211.0,25204.0,16.8,5.925936263437898,0.5173337535455405,32.83,0.6,63.45,3.13
52480,NARINO,Nariño,1,Alta carga NO DEFINIDO,252612.0,8720.0,41.2,5.402453977296103,0.5880064829821718,36.28,0.36,61.69,1.67
52506,OSPINA,Nariño,1,Alta carga NO DEFINIDO,623115.0,18705.0,47.22,5.794568205979234,0.5451217571223937,34.25,0.34,62.82,2.6
52720,SAPUYES,Nariño,1,Alta carga NO DEFINIDO,413582.0,15222.0,46.3,5.6165616290443365,0.4671140939597314,31.32,0.54,67.04,1.1
52786,TAMINANGO,Nariño,5,Alta demanda de urgencias,1126116.0,29438.0,47.72,6.05158312902786,0.5254827477049699,33.2,0.51,63.17,3.13
52788,TANGUA,Nariño,1,Alta carga NO DEFINIDO,1114490.0,25047.0,54.93,6.047076176033571,0.4385990408370876,30.18,0.43,68.8,0.59
52240,CHACHAGUI,Nariño,3,Grandes centros urbanos,855316.0,18557.0,41.24,5.9321265962507015,0.6824183460736624,39.28,0.36,57.55,2.82
52254,EL PEÑOL,Nariño,5,Alta demanda de urgencias,507458.0,17557.0,47.29,5.705400103485634,0.5407704654895666,33.69,0.5,62.29,3.53
52258,EL TABLON DE GOMEZ,Nariño,5,Alta demanda de urgencias,752562.0,21376.0,16.08,5.876542285194366,0.6634163329270416,38.1,0.46,57.42,4.02
52838,TUQUERRES,Nariño,3,Grandes centros urbanos,1833555.0,38179.0,23.24,6.263293941751353,0.9432823813354788,46.9,0.84,49.71,2.55
52411,LINARES,Nariño,5,Alta demanda de urgencias,512915.0,15619.0,35.67,5.71004540002495,0.6576943509828228,37.14,0.4,56.46,6.0
52885,YACUANQUER,Nariño,3,Grandes centros urbanos,635888.0,18571.0,15.77,5.803380629382172,0.6220785678766783,37.53,0.54,60.32,1.61
52435,MALLAMA,Nariño,5,Alta demanda de urgencias,481271.0,11118.0,42.75,5.68238969313503,0.7883361281907957,42.31,0.4,53.66,3.62
52378,LA CRUZ,Nariño,5,Alta demanda de urgencias,1648928.0,32998.0,26.2,6.217201692706151,0.6549526270456504,38.02,0.61,58.04,3.32
52381,LA FLORIDA,Nariño,1,Alta carga NO DEFINIDO,612517.0,19571.0,37.22,5.787118146756956,0.5359949701351776,34.1,0.51,63.61,1.78
52260,EL TAMBO,Nariño,5,Alta demanda de urgencias,1406205.0,26880.0,52.93,6.148048637809653,0.4564276885043263,29.54,0.37,64.71,5.37
52287,FUNES,Nariño,5,Alta demanda de urgencias,553433.0,17618.0,48.71,5.743065051607625,0.5522679239148106,33.97,0.43,61.5,4.1
52317,GUACHUCAL,Nariño,5,Alta demanda de urgencias,777141.0,23831.0,20.11,5.890499821846605,0.4727522515646465,30.97,0.62,65.5,2.92
52399,LA UNION,Nariño,1,Alta carga NO DEFINIDO,2052411.0,37202.0,49.04,6.312264333612707,0.4906006419073819,32.1,0.83,65.42,1.65
52320,GUAITARILLA,Nariño,4,Perfil quirúrgico con buen registro,765433.0,26253.0,25.09,5.883907181966031,0.579100145137881,35.91,0.83,62.0,1.26
52405,LEIVA,Nariño,1,Alta carga NO DEFINIDO,523760.0,16654.0,61.81,5.7191323279139405,0.3854270640239555,27.03,0.41,70.12,2.45
52323,GUALMATAN,Nariño,1,Alta carga NO DEFINIDO,627360.0,21101.0,45.69,5.797516824956132,0.6390611902766136,38.12,0.41,59.64,1.84
52352,ILES,Nariño,1,Alta carga NO DEFINIDO,649637.0,18780.0,41.12,5.812670752129395,0.6079338842975207,36.78,0.44,60.49,2.3
52354,IMUES,Nariño,4,Perfil quirúrgico con buen registro,472967.0,17679.0,17.15,5.674830840065782,0.5786012191209496,36.07,0.5,62.33,1.09
52356,IPIALES,Nariño,1,Alta carga NO DEFINIDO,9275472.0,80840.0,36.58,6.967336018748517,0.4436651246082674,29.73,0.73,67.0,2.55
52227,CUMBAL,Nariño,1,Alta carga NO DEFINIDO,1783687.0,34352.0,39.26,6.251318647069841,0.4698813279254919,31.28,0.61,66.56,1.55
52233,CUMBITARA,Nariño,1,Alta carga NO DEFINIDO,512587.0,14516.0,56.14,5.709767587607379,0.3177012740580103,23.44,0.34,73.77,2.46
52256,EL ROSARIO,Nariño,1,Alta carga NO DEFINIDO,516355.0,15307.0,55.69,5.712948386763919,0.3215728521411257,23.88,0.37,74.25,1.51
52385,LA LLANADA,Nariño,1,Alta carga NO DEFINIDO,261044.0,9375.0,57.89,5.416713715563063,0.3823069264684966,26.88,0.35,70.3,2.47
52418,LOS ANDES,Nariño,1,Alta carga NO DEFINIDO,391974.0,11277.0,57.45,5.59325726081889,0.3672167521841631,26.48,0.31,72.1,1.11
52540,POLICARPA,Nariño,1,Alta carga NO DEFINIDO,739911.0,19187.0,58.24,5.869179483874988,0.3888571428571428,27.22,0.39,69.99,2.39
52612,RICAURTE,Nariño,3,Grandes centros urbanos,1437062.0,25294.0,48.79,6.157475505557345,0.6744186046511628,39.15,0.54,58.04,2.28
52079,BARBACOAS,Nariño,5,Alta demanda de urgencias,2730380.0,35390.0,39.86,6.436223094080482,0.5690735245631389,34.52,0.65,60.65,4.18
52250,EL CHARCO,Nariño,5,Alta demanda de urgencias,697341.0,15326.0,54.78,5.843445200197455,0.3894409016758119,26.26,0.97,67.42,5.35
52390,LA TOLA,Nariño,1,Alta carga NO DEFINIDO,346508.0,7140.0,66.1,5.5397132658331,0.267672858617131,20.75,0.27,77.51,1.47
52427,MAGUI,Nariño,1,Alta carga NO DEFINIDO,317905.0,7722.0,47.51,5.502297358538658,0.4136064374542794,28.27,0.39,68.34,3.0
52473,MOSQUERA,Nariño,5,Alta demanda de urgencias,219902.0,8671.0,26.42,5.342229179269904,0.44790236460717,29.36,0.49,65.54,4.61
52490,OLAYA HERRERA,Nariño,5,Alta demanda de urgencias,762065.0,15556.0,19.2,5.881992015876862,0.3639802153040442,25.02,0.63,68.73,5.62
52520,FRANCISCO PIZARRO,Nariño,3,Grandes centros urbanos,802739.0,19091.0,26.63,5.904574363105519,1.45646703573226,57.88,0.32,39.73,2.07
52621,ROBERTO PAYAN,Nariño,5,Alta demanda de urgencias,567469.0,14612.0,24.99,5.753942141641957,0.4815282601831386,30.5,0.46,63.33,5.72
52696,SANTA BARBARA,Nariño,4,Perfil quirúrgico con buen registro,369982.0,9262.0,24.41,5.568180595713398,0.3388429752066115,24.6,0.27,72.59,2.55
85001,YOPAL,Casanare,1,Alta carga NO DEFINIDO,1039467.0,5480.0,65.01,6.016810706322231,0.2129505192425167,17.43,0.47,81.84,0.25
85010,AGUAZUL,Casanare,0,Rurales pequeños - perfil clínico,46631.0,2240.0,0.0,4.668674728982803,2.132460900095755,66.81,1.14,31.32,0.74
85015,CHAMEZA,Casanare,0,Rurales pequeños - perfil clínico,1045.0,129.0,0.0,3.019116290447073,2.1206077872744538,66.99,1.15,31.58,0.29
85136,LA SALINA,Casanare,0,Rurales pequeños - perfil clínico,109.0,29.0,0.0,2.037426497940624,10.0,90.83,1.83,6.42,0.92
85139,MANI,Casanare,4,Perfil quirúrgico con buen registro,1595.0,106.0,0.0,3.2027606873932,0.226974514256876,17.99,0.56,79.25,2.19
85162,MONTERREY,Casanare,0,Rurales pequeños - perfil clínico,2578.0,389.0,0.0,3.4112829130173843,2.8054011119936453,70.64,0.89,25.17,3.3
85230,OROCUE,Casanare,0,Rurales pequeños - perfil clínico,1564.0,90.0,0.0,3.194236748723829,4.44770857814336,75.7,4.03,17.01,3.26
85263,PORE,Casanare,1,Alta carga NO DEFINIDO,57864.0,1185.0,70.86,4.762408452089059,0.1429561200923787,12.38,0.42,86.59,0.6
85279,RECETOR,Casanare,2,Perfil quirúrgico medio,843.0,115.0,12.1,2.9258275746247424,0.6916064671482628,40.21,0.95,58.13,0.71
85300,SABANALARGA,Casanare,0,Rurales pequeños - perfil clínico,338.0,59.0,0.0,2.5289167002776547,10.0,96.45,0.89,2.66,0.0
85430,TRINIDAD,Casanare,4,Perfil quirúrgico con buen registro,750.0,48.0,0.0,2.8750612633917,0.2258345789735924,18.13,1.2,80.27,0.4
85440,VILLANUEVA,Casanare,4,Perfil quirúrgico con buen registro,97092.0,1592.0,30.73,4.987183447220178,0.3862928348909657,27.28,0.61,70.61,1.5
85125,HATO COROZAL,Casanare,0,Rurales pequeños - perfil clínico,6437.0,183.0,0.0,3.808683509128969,5.247648902821317,83.7,0.28,15.94,0.08
85250,PAZ DE ARIPORO,Casanare,2,Perfil quirúrgico medio,47045.0,1469.0,0.0,4.672513472868508,1.0860101437024514,51.39,0.72,47.31,0.57
17001,MANIZALES,Caldas,3,Grandes centros urbanos,23018138.0,134640.0,19.54,7.362070189448785,0.8495677233429395,44.22,0.63,52.04,3.11
17013,AGUADAS,Caldas,1,Alta carga NO DEFINIDO,1409084.0,22649.0,62.33,6.148936883562935,0.2414825907899662,19.35,0.33,80.12,0.2
17486,NEIRA,Caldas,1,Alta carga NO DEFINIDO,680576.0,20576.0,52.17,5.832876629962047,0.4287990728668694,29.6,0.73,69.02,0.65
17446,MARULANDA,Caldas,1,Alta carga NO DEFINIDO,115026.0,5766.0,60.14,5.060796017573384,0.4068181818181818,28.64,0.53,70.39,0.44
17444,MARQUETALIA,Caldas,2,Perfil quirúrgico medio,263599.0,11023.0,22.64,5.420943758367702,0.7405386375638092,42.07,0.86,56.8,0.26
17442,MARMATO,Caldas,1,Alta carga NO DEFINIDO,233970.0,10251.0,39.4,5.369160175060954,0.5327348707630398,34.42,0.61,64.6,0.37
17433,MANZANARES,Caldas,1,Alta carga NO DEFINIDO,667656.0,20274.0,50.88,5.824552756214236,0.5981794538361508,36.8,0.74,61.51,0.95
17388,LA MERCED,Caldas,1,Alta carga NO DEFINIDO,89496.0,6055.0,44.1,4.951803625072913,0.4543844109831709,30.78,0.74,67.73,0.76
17380,LA DORADA,Caldas,3,Grandes centros urbanos,5047561.0,62404.0,39.56,6.703081576115591,0.6052326544129822,36.55,0.97,60.38,2.1
17272,FILADELFIA,Caldas,2,Perfil quirúrgico medio,305266.0,14664.0,36.87,5.484678436022669,0.7134605286189393,40.76,0.91,57.12,1.21
17174,CHINCHINA,Caldas,3,Grandes centros urbanos,2974146.0,50937.0,43.26,6.473362284104569,0.645542248835662,38.81,0.48,60.11,0.6
17088,BELALCAZAR,Caldas,1,Alta carga NO DEFINIDO,556905.0,17353.0,43.42,5.745781117086493,0.4711723729064769,31.79,0.48,67.46,0.27
17050,ARANZAZU,Caldas,1,Alta carga NO DEFINIDO,299702.0,14211.0,50.45,5.476689641130715,0.5407094858571653,34.6,1.0,63.98,0.41
17042,ANSERMA,Caldas,1,Alta carga NO DEFINIDO,1226332.0,26881.0,39.6,6.088608060923677,0.4112442922374429,28.82,0.69,70.07,0.41
17495,NORCASIA,Caldas,1,Alta carga NO DEFINIDO,363523.0,16370.0,38.81,5.560531893756497,0.58,36.25,0.73,62.49,0.53
17877,VITERBO,Caldas,1,Alta carga NO DEFINIDO,596397.0,18124.0,46.85,5.775535450195574,0.5996432625263499,36.98,0.66,61.66,0.7
17873,VILLA MARIA,Caldas,3,Grandes centros urbanos,1347820.0,39554.0,28.88,6.129631896482333,0.6325636271700658,37.53,0.58,59.32,2.58
17867,VICTORIA,Caldas,2,Perfil quirúrgico medio,176758.0,9821.0,37.14,5.247379078917198,0.5525396825396826,34.81,0.95,62.99,1.26
17777,SUPIA,Caldas,1,Alta carga NO DEFINIDO,575452.0,18209.0,38.2,5.76000910380504,0.556501182033097,35.31,0.62,63.44,0.63
17665,SAN JOSE,Caldas,4,Perfil quirúrgico con buen registro,149861.0,6968.0,25.56,5.175688626253761,0.3754166666666667,27.03,0.57,71.99,0.41
17662,SAMANA,Caldas,1,Alta carga NO DEFINIDO,910412.0,22487.0,60.68,5.959237973457231,0.4270622286541244,29.51,0.67,69.09,0.74
17653,SALAMINA,Caldas,1,Alta carga NO DEFINIDO,734377.0,23058.0,47.36,5.86591906670966,0.4958515613214662,32.87,0.64,66.28,0.21
17616,RISARALDA,Caldas,1,Alta carga NO DEFINIDO,427501.0,18578.0,35.73,5.630937134956528,0.43997668997669,30.2,0.66,68.63,0.51
17541,PENSILVANIA,Caldas,1,Alta carga NO DEFINIDO,1404178.0,26347.0,63.93,6.147422164430425,0.3854779927109615,27.5,0.44,71.33,0.73
17524,PALESTINA,Caldas,1,Alta carga NO DEFINIDO,266190.0,14424.0,46.43,5.425191736238603,0.4705794726649783,31.59,0.95,67.12,0.34
17513,PACORA,Caldas,1,Alta carga NO DEFINIDO,1473144.0,20593.0,66.92,6.168245201254529,0.1796875,15.18,0.23,84.47,0.12
17614,RIOSUCIO,Caldas,1,Alta carga NO DEFINIDO,763620.0,22469.0,35.28,5.8828772944936185,0.4632407544927967,31.19,0.61,67.32,0.88
63001,ARMENIA,Quindio,3,Grandes centros urbanos,19241542.0,124431.0,28.36,7.284239873068557,0.6383050277450816,37.96,0.64,59.46,1.95
63111,BUENAVISTA,Quindio,2,Perfil quirúrgico medio,82194.0,8244.0,27.16,4.914840116055902,0.6308023872679045,38.05,0.69,60.31,0.95
63130,CALARCA,Quindio,3,Grandes centros urbanos,4215030.0,66049.0,33.22,6.624800670013689,0.5676728334956183,34.98,0.56,61.61,2.85
63190,CIRCASIA,Quindio,3,Grandes centros urbanos,952717.0,29211.0,37.21,5.97896391470885,0.6482689412945308,38.76,0.61,59.78,0.86
63212,CORDOBA,Quindio,2,Perfil quirúrgico medio,91812.0,8363.0,20.66,4.962899448011584,0.6811867604184532,39.72,0.96,58.3,1.03
63272,FILANDIA,Quindio,1,Alta carga NO DEFINIDO,607729.0,20875.0,38.62,5.783709960782849,0.5125382262996941,33.52,0.6,65.39,0.5
63302,GENOVA,Quindio,1,Alta carga NO DEFINIDO,326433.0,16563.0,48.08,5.513794056311793,0.4629300118623961,31.22,0.76,67.43,0.59
63401,LA TEBAIDA,Quindio,1,Alta carga NO DEFINIDO,1763585.0,38473.0,37.8,6.246396396320687,0.4856585072833759,32.34,0.52,66.58,0.56
63470,MONTENEGRO,Quindio,1,Alta carga NO DEFINIDO,1540461.0,35975.0,37.24,6.187650707716772,0.5796729721064443,36.16,0.79,62.37,0.68
63548,PIJAO,Quindio,2,Perfil quirúrgico medio,82491.0,7148.0,29.81,4.9164065683856615,0.7427304964539008,41.89,0.93,56.39,0.79
63594,QUIMBAYA,Quindio,1,Alta carga NO DEFINIDO,2221555.0,36641.0,58.05,6.346657069726708,0.4645599527466036,31.46,0.46,67.71,0.37
63690,SALENTO,Quindio,2,Perfil quirúrgico medio,105013.0,10593.0,22.9,5.0212430655346045,0.9087193460490464,46.69,0.97,51.37,0.96
66001,PEREIRA,Risaralda,3,Grandes centros urbanos,28743922.0,139862.0,18.38,7.458546025689233,0.7669885224995445,42.1,0.69,54.88,2.33
66045,APIA,Risaralda,1,Alta carga NO DEFINIDO,822040.0,22587.0,51.61,5.9148929505773,0.3741854984056564,26.99,0.4,72.12,0.49
66075,BALBOA,Risaralda,2,Perfil quirúrgico medio,201485.0,11990.0,39.99,5.304242719659696,0.623083264633141,37.79,0.92,60.64,0.65
66088,BELEN DE UMBRIA,Risaralda,1,Alta carga NO DEFINIDO,1592397.0,35999.0,35.17,6.202051350722741,0.5649905123339658,35.73,0.59,63.23,0.45
66170,DOSQUEBRADAS,Risaralda,3,Grandes centros urbanos,8807460.0,86373.0,19.51,6.944850679463984,0.8097542814594192,43.5,0.73,53.71,2.06
66318,GUATICA,Risaralda,1,Alta carga NO DEFINIDO,625789.0,24082.0,41.21,5.796427924931479,0.6487076200067137,38.65,0.54,59.57,1.23
66383,LA CELIA,Risaralda,2,Perfil quirúrgico medio,327069.0,15127.0,39.07,5.514639383113227,0.7245467224546723,41.56,0.57,57.35,0.52
66400,LA VIRGINIA,Risaralda,3,Grandes centros urbanos,1896210.0,42656.0,28.62,6.277886432575274,0.7727927927927928,42.89,0.76,55.49,0.86
66440,MARSELLA,Risaralda,1,Alta carga NO DEFINIDO,832695.0,27215.0,45.14,5.920485956901688,0.4911937377690802,32.63,0.42,66.42,0.53
66456,MISTRATO,Risaralda,1,Alta carga NO DEFINIDO,560484.0,20453.0,47.56,5.748563219409331,0.5845759179092512,36.46,0.54,62.36,0.64
66572,PUEBLO RICO,Risaralda,1,Alta carga NO DEFINIDO,409712.0,17810.0,56.53,5.61247868413245,0.523839105451157,33.73,0.98,64.38,0.91
66594,QUINCHIA,Risaralda,1,Alta carga NO DEFINIDO,810725.0,21952.0,64.91,5.908873565387628,0.4107575973748038,28.79,0.56,70.08,0.57
66682,SANTA ROSA DE CABAL,Risaralda,3,Grandes centros urbanos,3733433.0,56633.0,30.92,6.572108361907376,0.7135172653132049,41.12,0.64,57.62,0.62
66687,SANTUARIO,Risaralda,1,Alta carga NO DEFINIDO,655997.0,22736.0,36.64,5.8169018532683054,0.509986278396097,33.45,0.59,65.58,0.39
5001,MEDELLIN,Antioquia,3,Grandes centros urbanos,156487075.0,220964.0,12.66,8.194478472949656,0.7825609085913171,42.72,0.65,54.58,2.05
5101,CIUDAD BOLIVAR,Antioquia,2,Perfil quirúrgico medio,1249258.0,39701.0,6.78,6.096652139259096,0.688671136324566,40.06,1.09,58.16,0.69
5107,BRICEÑO,Antioquia,4,Perfil quirúrgico con buen registro,261097.0,14202.0,3.34,5.41680188181555,0.4672424061941631,31.38,0.66,67.15,0.81
5113,BURITICA,Antioquia,4,Perfil quirúrgico con buen registro,209861.0,12792.0,10.12,5.321931737970181,0.5076875768757687,33.02,1.04,65.03,0.92
5120,CACERES,Antioquia,4,Perfil quirúrgico con buen registro,645292.0,18484.0,6.71,5.809756280979755,0.4345273047563124,29.6,1.21,68.11,1.08
5093,BETULIA,Antioquia,4,Perfil quirúrgico con buen registro,471213.0,18043.0,7.65,5.673217263422476,0.5985627960150253,36.65,0.55,61.22,1.57
5091,BETANIA,Antioquia,4,Perfil quirúrgico con buen registro,283296.0,16981.0,24.13,5.452240442539528,0.51932929669306,33.45,0.64,64.4,1.51
5088,BELLO,Antioquia,3,Grandes centros urbanos,21859197.0,112904.0,11.06,7.33963420405127,0.9075121951219512,46.51,0.59,51.24,1.67
5086,BELMIRA,Antioquia,4,Perfil quirúrgico con buen registro,165429.0,11811.0,11.92,5.218611644490942,0.4079022988505746,28.39,0.7,69.59,1.31
5079,BARBOSA,Antioquia,3,Grandes centros urbanos,1889434.0,50547.0,8.67,6.276331726135847,0.734766388346065,41.36,0.71,56.28,1.65
5059,ARMENIA,Antioquia,4,Perfil quirúrgico con buen registro,223665.0,14215.0,15.46,5.3495980292637855,0.542191435768262,34.44,0.65,63.51,1.4
5055,ARGELIA,Antioquia,4,Perfil quirúrgico con buen registro,145582.0,6993.0,10.5,5.163107681406095,0.5290302655960468,34.26,0.48,64.75,0.51
5051,ARBOLETES,Antioquia,4,Perfil quirúrgico con buen registro,680764.0,17140.0,24.06,5.832996581426217,0.550656660412758,35.22,0.56,63.95,0.26
5044,ANZA,Antioquia,4,Perfil quirúrgico con buen registro,182455.0,9558.0,8.93,5.261155769277295,0.5991160582746767,36.6,0.72,61.08,1.6
5042,SANTAFE DE ANTIOQUIA,Antioquia,2,Perfil quirúrgico medio,1159991.0,31587.0,19.64,6.064454619687695,0.6319409495051166,37.67,1.4,59.6,1.34
5040,ANORI,Antioquia,4,Perfil quirúrgico con buen registro,521369.0,18734.0,6.43,5.717145204950488,0.4292131575134038,29.62,0.84,69.0,0.54
5038,ANGOSTURA,Antioquia,4,Perfil quirúrgico con buen registro,314821.0,14953.0,2.97,5.498063694080719,0.5958616230197219,36.86,0.75,61.85,0.54
5036,ANGELOPOLIS,Antioquia,1,Alta carga NO DEFINIDO,123128.0,8723.0,39.27,5.090356825171238,0.543291059965555,34.7,0.87,63.86,0.57
5034,ANDES,Antioquia,4,Perfil quirúrgico con buen registro,762636.0,24871.0,10.91,5.882317302160218,0.5374160287455084,34.4,0.75,64.0,0.84
5031,AMALFI,Antioquia,4,Perfil quirúrgico con buen registro,515637.0,18399.0,3.95,5.7123440729934245,0.6132767900831839,37.6,0.73,61.3,0.37
5030,AMAGA,Antioquia,4,Perfil quirúrgico con buen registro,974577.0,31598.0,14.67,5.988816157824108,0.5543854133920152,35.27,0.62,63.61,0.49
5021,ALEJANDRIA,Antioquia,4,Perfil quirúrgico con buen registro,143134.0,11058.0,12.52,5.155742808172699,0.4313839871663992,29.58,0.91,68.56,0.95
5004,ABRIAQUI,Antioquia,2,Perfil quirúrgico medio,57966.0,6356.0,12.15,4.763173332493179,0.708224656581464,40.73,0.85,57.5,0.92
5002,ABEJORRAL,Antioquia,4,Perfil quirúrgico con buen registro,696912.0,25958.0,8.49,5.843177942621368,0.6148282097649186,37.4,0.81,60.82,0.97
5895,ZARAGOZA,Antioquia,4,Perfil quirúrgico con buen registro,689116.0,24736.0,4.34,5.838292333547023,0.5327531645569621,33.67,1.0,63.19,2.13
5893,YONDO,Antioquia,2,Perfil quirúrgico medio,275983.0,11828.0,8.05,5.4408823312189245,0.8465866466616654,45.14,0.89,53.31,0.66
5890,YOLOMBO,Antioquia,2,Perfil quirúrgico medio,476795.0,20156.0,3.39,5.678331692445696,0.5450229466687767,34.44,1.68,63.18,0.7
5887,YARUMAL,Antioquia,3,Grandes centros urbanos,1643453.0,44472.0,5.99,6.215757288501295,0.7421805972786711,42.0,0.83,56.58,0.59
5885,YALI,Antioquia,4,Perfil quirúrgico con buen registro,413030.0,17280.0,7.84,5.615981597325354,0.4678804026050917,31.61,0.5,67.55,0.33
5861,VENECIA,Antioquia,4,Perfil quirúrgico con buen registro,387455.0,22006.0,9.73,5.588221269715767,0.5750717245776219,36.08,0.6,62.73,0.59
5858,VEGACHI,Antioquia,4,Perfil quirúrgico con buen registro,604609.0,22476.0,12.17,5.781474607647034,0.4909447630546332,32.53,0.9,66.25,0.32
5856,VALPARAISO,Antioquia,4,Perfil quirúrgico con buen registro,145262.0,11764.0,9.02,5.162152019330982,0.5424631776872454,34.62,0.69,63.81,0.89
5854,VALDIVIA,Antioquia,4,Perfil quirúrgico con buen registro,359665.0,15767.0,2.71,5.555898177472571,0.5414103170847137,34.32,0.96,63.38,1.34
5842,URAMITA,Antioquia,4,Perfil quirúrgico con buen registro,228526.0,14671.0,9.07,5.3589356180345975,0.5666295175927402,35.59,0.77,62.8,0.84
5837,TURBO,Antioquia,3,Grandes centros urbanos,3101671.0,54709.0,3.32,6.491595729498797,0.8135310472659871,43.89,0.95,53.94,1.22
5819,TOLEDO,Antioquia,4,Perfil quirúrgico con buen registro,192754.0,11103.0,9.38,5.285003399225732,0.3475051264524949,25.42,0.79,73.14,0.65
5809,TITIRIBI,Antioquia,4,Perfil quirúrgico con buen registro,342485.0,20131.0,9.09,5.534641555215644,0.5379589296826385,34.58,0.69,64.27,0.45
5792,TARSO,Antioquia,4,Perfil quirúrgico con buen registro,180462.0,12817.0,3.87,5.256385766198829,0.4643281807372175,31.24,0.57,67.27,0.93
5790,TARAZA,Antioquia,4,Perfil quirúrgico con buen registro,1387330.0,33572.0,2.69,6.142179777679243,0.5687370269838735,35.62,0.86,62.62,0.9
5789,TAMESIS,Antioquia,4,Perfil quirúrgico con buen registro,503799.0,24574.0,5.32,5.70225730112376,0.5543942992874109,35.01,1.12,63.14,0.72
5761,SOPETRAN,Antioquia,4,Perfil quirúrgico con buen registro,438234.0,22461.0,11.92,5.6417060688877765,0.5789044669057711,35.51,0.76,61.33,2.4
5756,SONSON,Antioquia,4,Perfil quirúrgico con buen registro,1373332.0,31767.0,6.95,6.137775539668139,0.5729480869979363,36.09,0.6,62.98,0.33
5736,SEGOVIA,Antioquia,2,Perfil quirúrgico medio,1015455.0,31967.0,6.67,6.006660682359525,0.8117318435754192,43.59,1.19,53.69,1.53
5697,SANTUARIO,Antioquia,4,Perfil quirúrgico con buen registro,1178980.0,34135.0,14.06,6.071506437865818,0.5995145631067961,37.05,0.68,61.79,0.48
5690,SANTO DOMINGO,Antioquia,4,Perfil quirúrgico con buen registro,307165.0,17662.0,3.7,5.487371728374985,0.5138352140980058,33.24,0.73,64.68,1.35
5686,SANTA.ROSA DE OSOS,Antioquia,2,Perfil quirúrgico medio,899879.0,30602.0,5.76,5.954184117033625,0.5436013590033976,33.6,3.63,61.8,0.97
5679,SANTA BARBARA,Antioquia,4,Perfil quirúrgico con buen registro,611925.0,22910.0,4.96,5.786698196521142,0.5979899497487438,36.89,0.55,61.68,0.88
5306,GIRALDO,Antioquia,2,Perfil quirúrgico medio,130569.0,10917.0,31.61,5.115840077957153,0.5489069730333493,34.4,1.15,62.66,1.78
5282,FREDONIA,Antioquia,3,Grandes centros urbanos,695974.0,25389.0,21.02,5.842593015663088,0.7670095650604585,42.5,0.5,55.4,1.6
5266,ENVIGADO,Antioquia,3,Grandes centros urbanos,9508182.0,87658.0,13.65,6.978097486143986,0.748523357794881,41.82,0.64,55.86,1.69
5264,ENTRERRIOS,Antioquia,4,Perfil quirúrgico con buen registro,378694.0,22389.0,16.75,5.578288424245373,0.591496928548335,36.59,0.76,61.85,0.81
5250,EL BAGRE,Antioquia,5,Alta demanda de urgencias,1903703.0,39131.0,7.26,6.279599194299388,0.6132726966481388,36.41,0.75,59.36,3.48
5240,EBEJICO,Antioquia,4,Perfil quirúrgico con buen registro,212019.0,10897.0,9.34,5.326374781803343,0.483423749246534,32.08,0.77,66.35,0.8
5237,DON MATIAS,Antioquia,3,Grandes centros urbanos,810107.0,30099.0,4.78,5.90854238485464,0.9521042084168336,47.51,0.5,49.89,2.1
5212,COPACABANA,Antioquia,3,Grandes centros urbanos,3712376.0,73813.0,7.49,6.569651956354863,0.8317370892018779,44.29,0.68,53.24,1.78
5209,CONCORDIA,Antioquia,4,Perfil quirúrgico con buen registro,501686.0,20926.0,5.29,5.700431981817902,0.5810377962844331,36.28,0.62,62.43,0.67
5206,CONCEPCION,Antioquia,4,Perfil quirúrgico con buen registro,173071.0,8260.0,24.06,5.238224303027936,0.4469763365468887,30.6,0.54,68.45,0.41
5197,COCORNA,Antioquia,4,Perfil quirúrgico con buen registro,406209.0,17937.0,13.6,5.608749541439631,0.5290102389078498,34.1,0.79,64.45,0.66
5190,CISNEROS,Antioquia,4,Perfil quirúrgico con buen registro,261113.0,15663.0,9.55,5.41682849452581,0.5915584415584415,36.44,0.85,61.59,1.11
5172,CHIGORODO,Antioquia,1,Alta carga NO DEFINIDO,4069518.0,56498.0,31.3,6.609542973761714,0.4468680913780397,30.32,0.5,67.84,1.33
5154,CAUCASIA,Antioquia,3,Grandes centros urbanos,4859107.0,72316.0,15.05,6.686556462553008,0.6976178055990262,40.12,0.91,57.5,1.47
5150,CAROLINA,Antioquia,4,Perfil quirúrgico con buen registro,154395.0,11845.0,10.54,5.188633231831517,0.6083032490974729,37.07,0.72,60.93,1.28
5148,CARMEN DE VIBORAL,Antioquia,3,Grandes centros urbanos,1960504.0,42246.0,23.44,6.292367732724547,0.5944272445820433,36.48,0.66,61.36,1.5
5147,CAREPA,Antioquia,3,Grandes centros urbanos,2721455.0,54188.0,14.09,6.434801157534864,0.7177785539643731,41.1,0.66,57.25,0.99
5145,CARAMANTA,Antioquia,4,Perfil quirúrgico con buen registro,141041.0,11335.0,4.46,5.149345378509518,0.6329260237780714,38.33,0.62,60.55,0.5
5142,CARACOLI,Antioquia,4,Perfil quirúrgico con buen registro,136181.0,11451.0,10.23,5.134116518951498,0.4606223016227482,30.94,1.1,67.16,0.8
5138,CAÑASGORDAS,Antioquia,4,Perfil quirúrgico con buen registro,617957.0,21127.0,4.79,5.790958256136653,0.4845438175270108,32.29,0.66,66.63,0.42
5134,CAMPAMENTO,Antioquia,4,Perfil quirúrgico con buen registro,203960.0,11924.0,4.17,5.309545003295436,0.497731397459165,32.91,0.63,66.11,0.35
5129,CALDAS,Antioquia,3,Grandes centros urbanos,4925740.0,70005.0,7.43,6.692471484331072,0.9197265625000002,47.09,0.57,51.19,1.16
5125,CAICEDO,Antioquia,4,Perfil quirúrgico con buen registro,252994.0,14200.0,6.78,5.403110221579809,0.5214572398888546,33.78,0.75,64.77,0.7
5674,SAN VICENTE,Antioquia,4,Perfil quirúrgico con buen registro,623339.0,18519.0,12.46,5.794724299930544,0.3915807317417714,27.72,0.49,70.78,1.02
5670,SAN ROQUE,Antioquia,4,Perfil quirúrgico con buen registro,455678.0,18095.0,7.91,5.658658061478561,0.6833248342682305,40.2,0.58,58.82,0.4
5667,SAN RAFAEL,Antioquia,4,Perfil quirúrgico con buen registro,517273.0,17774.0,14.4,5.713719810214545,0.4706494278496062,31.67,0.65,67.28,0.4
5665,SAN PEDRO DE URABA,Antioquia,3,Grandes centros urbanos,1147653.0,28456.0,12.11,6.059810596280167,0.6456466610312764,38.19,0.6,59.14,2.07
5664,SAN PEDRO,Antioquia,5,Alta demanda de urgencias,713276.0,28461.0,20.01,5.853257611315063,0.6175779939617578,36.82,0.88,59.61,2.69
5660,SAN LUIS,Antioquia,4,Perfil quirúrgico con buen registro,282060.0,12694.0,20.11,5.450341501571896,0.4369454545454545,30.04,0.73,68.74,0.48
5659,SAN JUAN DE URABA,Antioquia,4,Perfil quirúrgico con buen registro,362082.0,10725.0,3.72,5.558806935490915,0.6000322945260778,37.16,0.55,61.92,0.37
5658,SAN JOSE DE LA MONTAÑA,Antioquia,4,Perfil quirúrgico con buen registro,88087.0,6666.0,1.72,4.94491181936717,0.5878009630818619,36.62,0.55,62.29,0.54
5656,SAN JERONIMO,Antioquia,2,Perfil quirúrgico medio,428775.0,18840.0,12.87,5.632229455605972,0.93585719890153,47.71,0.7,50.97,0.62
5652,SAN FRANCISCO,Antioquia,4,Perfil quirúrgico con buen registro,124191.0,7364.0,6.39,5.094090124085636,0.5006856620447965,32.86,1.07,65.62,0.44
5649,SAN CARLOS,Antioquia,4,Perfil quirúrgico con buen registro,287118.0,12160.0,17.91,5.458060420137147,0.560368078692686,35.32,0.85,63.02,0.8
5647,SAN ANDRES,Antioquia,4,Perfil quirúrgico con buen registro,102906.0,6407.0,1.97,5.012440697317579,0.5545699350546491,35.01,0.88,63.12,0.99
5642,SALGAR,Antioquia,1,Alta carga NO DEFINIDO,332734.0,11060.0,34.4,5.5220971809648125,0.3301848603427337,24.47,0.67,74.1,0.76
5628,SABANALARGA,Antioquia,4,Perfil quirúrgico con buen registro,216594.0,10157.0,8.8,5.335646421804615,0.5162934362934363,33.43,0.81,64.74,1.01
5615,RIONEGRO,Antioquia,3,Grandes centros urbanos,6948557.0,75554.0,20.13,6.841894624445565,0.7431111111111111,41.8,0.67,56.24,1.3
5607,RETIRO,Antioquia,1,Alta carga NO DEFINIDO,671326.0,25676.0,35.39,5.826933467440942,0.4700371747211896,31.61,0.62,67.24,0.53
5604,REMEDIOS,Antioquia,4,Perfil quirúrgico con buen registro,521079.0,23861.0,5.32,5.716903571021503,0.5018593120545398,32.39,1.24,64.53,1.85
5591,PUERTO TRIUNFO,Antioquia,4,Perfil quirúrgico con buen registro,326722.0,16858.0,20.55,5.514178378910444,0.4377562975981253,29.89,0.77,68.27,1.06
5585,PUERTO NARE,Antioquia,4,Perfil quirúrgico con buen registro,437324.0,21586.0,14.74,5.640803311741279,0.5071483474250575,32.99,0.72,65.04,1.25
5579,PUERTO BERRIO,Antioquia,3,Grandes centros urbanos,1944912.0,44865.0,15.75,6.288899955903884,0.7768729641693811,42.93,0.69,55.25,1.13
5576,PUEBLORRICO,Antioquia,4,Perfil quirúrgico con buen registro,409654.0,20637.0,4.82,5.612417199814105,0.4859123097785143,32.25,0.62,66.36,0.77
5543,PEQUE,Antioquia,2,Perfil quirúrgico medio,273468.0,15057.0,2.95,5.436906514448257,0.760236009297336,42.52,0.75,55.92,0.81
5541,PEÑOL,Antioquia,4,Perfil quirúrgico con buen registro,780275.0,26451.0,14.63,5.892247692349367,0.4297736506094022,29.62,0.57,68.91,0.9
5501,OLAYA,Antioquia,4,Perfil quirúrgico con buen registro,245822.0,8985.0,2.35,5.390620747757298,0.2280158533564527,18.41,0.26,80.73,0.6
5495,NECHI,Antioquia,4,Perfil quirúrgico con buen registro,1033804.0,24653.0,2.06,6.014438208209469,0.5939776590577951,36.69,0.71,61.76,0.85
5490,NECOCLI,Antioquia,4,Perfil quirúrgico con buen registro,1363923.0,27710.0,6.52,6.134789853004454,0.3941018766756032,27.93,0.75,70.86,0.46
5483,NARIÑO,Antioquia,4,Perfil quirúrgico con buen registro,360640.0,13687.0,8.92,5.557073894366012,0.5927237604636189,36.82,0.51,62.11,0.56
5480,MUTATA,Antioquia,4,Perfil quirúrgico con buen registro,400211.0,16418.0,10.05,5.60228902126583,0.4748352306770521,31.7,0.93,66.75,0.62
5467,MONTEBELLO,Antioquia,2,Perfil quirúrgico medio,177727.0,11435.0,9.07,5.249753410136604,0.7734474594791477,42.47,0.78,54.9,1.85
5440,MARINILLA,Antioquia,3,Grandes centros urbanos,2317091.0,55424.0,16.33,6.364943090338006,0.8211170903692707,44.25,0.85,53.88,1.03
5425,MACEO,Antioquia,4,Perfil quirúrgico con buen registro,289103.0,16173.0,5.96,5.461052598335084,0.4244303432362272,29.43,0.76,69.33,0.48
5411,LIBORINA,Antioquia,2,Perfil quirúrgico medio,230373.0,14031.0,1.54,5.36243157788428,0.6171579120698172,37.48,1.01,60.72,0.79
5400,LA UNION,Antioquia,1,Alta carga NO DEFINIDO,1263347.0,28254.0,34.92,6.101522653395493,0.316000534687876,23.64,0.55,74.8,1.02
5390,LA PINTADA,Antioquia,4,Perfil quirúrgico con buen registro,214504.0,13383.0,14.66,5.331435395176829,0.4513664413752571,30.72,0.58,68.05,0.65
5376,LA CEJA,Antioquia,3,Grandes centros urbanos,4661546.0,75090.0,26.36,6.668529974183291,0.7526362823949956,42.11,0.77,55.94,1.18
5368,JERICO,Antioquia,4,Perfil quirúrgico con buen registro,507287.0,26233.0,7.24,5.705253733004167,0.6348733233979136,38.34,0.74,60.38,0.54
5364,JARDIN,Antioquia,4,Perfil quirúrgico con buen registro,480837.0,25010.0,7.29,5.681997878873157,0.6325688830226036,38.34,0.61,60.6,0.45
5360,ITAGUI,Antioquia,3,Grandes centros urbanos,17316051.0,119712.0,9.25,7.238448856246337,0.8809154383242825,45.42,0.68,51.55,2.35
5353,HISPANIA,Antioquia,2,Perfil quirúrgico medio,128560.0,11192.0,13.22,5.109105863755288,0.6000987004441519,36.48,1.91,60.78,0.83
5347,HELICONIA,Antioquia,4,Perfil quirúrgico con buen registro,171832.0,11308.0,11.63,5.235104044997511,0.4280747501086484,29.55,0.58,69.02,0.85
5321,GUATAPE,Antioquia,4,Perfil quirúrgico con buen registro,233473.0,15904.0,11.2,5.368236663792882,0.3900210822206605,27.75,0.56,71.14,0.54
5318,GUARNE,Antioquia,3,Grandes centros urbanos,1537964.0,41230.0,13.75,6.186946169805899,0.6647349582410091,39.0,0.71,58.66,1.63
5315,GUADALUPE,Antioquia,4,Perfil quirúrgico con buen registro,187458.0,10716.0,7.16,5.272903979202584,0.5400718637712857,34.57,0.64,64.0,0.78
5313,GRANADA,Antioquia,4,Perfil quirúrgico con buen registro,360307.0,16959.0,10.17,5.556672699624212,0.5443611371446422,34.85,0.65,64.01,0.5
5310,GOMEZ PLATA,Antioquia,4,Perfil quirúrgico con buen registro,322928.0,16875.0,11.15,5.509105702862597,0.4685273159144893,31.56,0.56,67.35,0.53
5308,GIRARDOTA,Antioquia,3,Grandes centros urbanos,2582277.0,58386.0,7.2,6.412002827054727,0.787011557512383,42.9,0.55,54.5,2.05
5234,DABEIBA,Antioquia,4,Perfil quirúrgico con buen registro,541321.0,22849.0,4.87,5.733454875432487,0.5082269721666922,33.05,0.9,65.02,1.03
5284,FRONTINO,Antioquia,4,Perfil quirúrgico con buen registro,844245.0,30863.0,7.58,5.926468497227094,0.6088512853888708,37.42,0.6,61.45,0.53
5361,ITUANGO,Antioquia,4,Perfil quirúrgico con buen registro,817315.0,27226.0,4.13,5.912389469501756,0.4619589304180823,31.27,0.57,67.68,0.47
5847,URRAO,Antioquia,4,Perfil quirúrgico con buen registro,743420.0,24882.0,5.64,5.871234240607972,0.5762306834475068,36.17,0.65,62.76,0.42
5475,MURINDO,Antioquia,2,Perfil quirúrgico medio,33052.0,3541.0,10.87,4.519197744084407,0.5274984286612193,33.57,1.41,63.63,1.39
5873,VIGIA DEL FUERTE,Antioquia,2,Perfil quirúrgico medio,105448.0,6456.0,10.32,5.023038347022865,0.8735431235431236,44.97,0.98,51.47,2.58
5045,APARTADO,Antioquia,3,Grandes centros urbanos,6139145.0,74171.0,13.33,6.788107891069855,1.0926724137931036,50.7,0.74,46.39,2.17
27615,RIOSUCIO,Chocó,4,Perfil quirúrgico con buen registro,303250.0,8746.0,9.86,5.48180080953861,0.4143397324025595,28.49,0.69,68.75,2.06
27001,QUIBDO,Chocó,5,Alta demanda de urgencias,4892492.0,62763.0,24.72,6.689530124190295,0.489815104982764,31.26,0.96,63.81,3.98
27006,ACANDI,Chocó,4,Perfil quirúrgico con buen registro,297419.0,12069.0,9.47,5.473368709080295,0.3819415006358626,27.03,0.53,70.76,1.68
27025,ALTO BAUDO,Chocó,4,Perfil quirúrgico con buen registro,401931.0,10912.0,18.34,5.604151503603669,0.543892828999212,34.51,0.58,63.44,1.46
27050,ATRATO,Chocó,5,Alta demanda de urgencias,184479.0,9386.0,21.6,5.26594693578942,0.4299732381801962,28.92,0.58,67.25,3.25
27073,BAGADO,Chocó,4,Perfil quirúrgico con buen registro,205438.0,7986.0,13.41,5.312680778423457,0.6165064633742129,37.2,0.67,60.33,1.79
27075,BAHIA SOLANO,Chocó,5,Alta demanda de urgencias,136055.0,7518.0,23.07,5.133714506663431,0.3153140823867524,23.04,0.7,73.06,3.2
27077,BAJO BAUDO,Chocó,2,Perfil quirúrgico medio,157426.0,6178.0,25.28,5.197076460704306,0.6613559322033898,39.02,0.68,58.99,1.31
27099,BOJAYA,Chocó,5,Alta demanda de urgencias,197032.0,8773.0,15.24,5.294536765729199,0.3279397405495884,23.51,1.41,71.68,3.39
27135,CANTON DE SAN PABLO,Chocó,5,Alta demanda de urgencias,101498.0,6453.0,16.12,5.006457484638183,0.4090299508270004,27.45,1.14,67.1,4.31
27150,CARMEN DEL DARIEN,Chocó,2,Perfil quirúrgico medio,57552.0,3844.0,13.9,4.760060420474436,0.6229040912139503,37.15,0.78,59.63,2.44
27160,CERTEGUI,Chocó,4,Perfil quirúrgico con buen registro,98672.0,5910.0,15.95,4.994193931082229,0.3532799550498665,25.15,0.69,71.18,2.98
27205,CONDOTO,Chocó,5,Alta demanda de urgencias,261815.0,12119.0,26.48,5.417994524684606,0.5678009141696292,33.54,1.03,59.06,6.37
27245,EL CARMEN DE ATRATO,Chocó,4,Perfil quirúrgico con buen registro,158441.0,11312.0,13.55,5.19986757478951,0.5238915870280432,33.44,1.11,63.82,1.63
27250,EL LITORAL DEL SAN JUAN,Chocó,4,Perfil quirúrgico con buen registro,66200.0,4044.0,24.83,4.8208579894397,0.4182825484764543,28.69,0.85,68.58,1.87
27361,ITSMINA,Chocó,5,Alta demanda de urgencias,335237.0,14447.0,12.12,5.525351945546063,0.6089252256855732,35.75,1.23,58.7,4.32
27372,JURADO,Chocó,4,Perfil quirúrgico con buen registro,49643.0,2031.0,10.71,4.695858018678371,0.3762210438180295,26.96,0.4,71.65,0.99
27413,LLORO,Chocó,5,Alta demanda de urgencias,142123.0,7347.0,26.68,5.152664366208894,0.3352932941341173,23.95,1.09,71.42,3.54
27425,MEDIO ATRATO,Chocó,5,Alta demanda de urgencias,136009.0,8196.0,18.81,5.133567647495309,0.435807727411013,28.65,0.99,65.73,4.62
27430,MEDIO BAUDO,Chocó,2,Perfil quirúrgico medio,205144.0,8867.0,8.7,5.312058819353151,0.7271282232426705,41.17,0.72,56.61,1.5
27450,MEDIO SAN JUAN,Chocó,4,Perfil quirúrgico con buen registro,167034.0,7991.0,14.71,5.2228048813838805,0.497294790539496,32.17,0.78,64.68,2.37
27491,NOVITA,Chocó,5,Alta demanda de urgencias,169222.0,8429.0,7.79,5.2284568235818565,0.4778924664920658,31.02,0.66,64.9,3.42
27495,NUQUI,Chocó,5,Alta demanda de urgencias,105533.0,5817.0,12.06,5.023388284059461,0.3981589713617767,27.25,0.52,68.43,3.81
27580,RIO IRO,Chocó,4,Perfil quirúrgico con buen registro,101986.0,4972.0,13.53,5.008540558624191,0.4607487922705313,30.52,0.75,66.23,2.5
27600,RIO QUITO,Chocó,5,Alta demanda de urgencias,186501.0,10010.0,6.8,5.270681164795203,0.5838509316770186,34.78,1.38,59.56,4.28
27660,SAN JOSE DEL PALMAR,Chocó,2,Perfil quirúrgico medio,61718.0,4096.0,8.19,4.790411844107942,0.6979606188466949,39.7,0.74,56.87,2.69
27745,SIPI,Chocó,5,Alta demanda de urgencias,49310.0,3184.0,12.41,4.692935002531137,0.5498952119941963,34.11,0.59,62.02,3.29
27787,TADO,Chocó,5,Alta demanda de urgencias,453460.0,13813.0,27.41,5.656538983688415,0.7109979249198264,37.69,0.74,53.0,8.57
27800,UNGUIA,Chocó,4,Perfil quirúrgico con buen registro,172838.0,7379.0,10.27,5.237639232216899,0.3339229827187372,24.54,0.75,73.48,1.23
27810,UNION PANAMERICANA,Chocó,5,Alta demanda de urgencias,106048.0,6766.0,20.01,5.025502482403224,0.5973355537052456,35.87,0.79,60.04,3.31
52835,TUMACO,Nariño,1,Alta carga NO DEFINIDO,9094523.0,63541.0,50.51,6.958779925620457,0.4654912597950573,30.89,0.72,66.35,2.04
23001,MONTERIA,Córdoba,3,Grandes centros urbanos,20673895.0,94810.0,21.5,7.315422306218429,0.6004312489633439,36.2,1.06,60.28,2.46
23068,AYAPEL,Córdoba,1,Alta carga NO DEFINIDO,1628793.0,25823.0,39.22,6.211865894210259,0.3869911756333618,27.19,0.81,70.25,1.75
23079,BUENAVISTA,Córdoba,5,Alta demanda de urgencias,699990.0,21125.0,32.93,5.845091835763056,0.5704316780266148,35.15,0.7,61.61,2.55
23090,CANALETE,Córdoba,5,Alta demanda de urgencias,706305.0,20883.0,30.36,5.8489922806738255,0.4800428200030586,31.39,0.61,65.38,2.63
23162,CERETE,Córdoba,3,Grandes centros urbanos,6360575.0,70574.0,30.8,6.803496377918754,0.5524765089982481,34.69,0.61,62.78,1.91
23168,CHIMA,Córdoba,4,Perfil quirúrgico con buen registro,454552.0,15876.0,16.51,5.657583572973306,0.6250415144470276,37.64,0.64,60.21,1.5
23182,CHINU,Córdoba,5,Alta demanda de urgencias,2862947.0,53129.0,17.37,6.45681330826589,0.491729788220745,31.81,0.39,64.68,3.12
23189,CIENAGA DE ORO,Córdoba,3,Grandes centros urbanos,2992474.0,48688.0,19.35,6.4760303857432495,0.5075978511128165,33.07,0.62,65.14,1.17
23300,COTORRA,Córdoba,5,Alta demanda de urgencias,918103.0,29175.0,20.54,5.962891406497898,0.6263997285374958,36.92,0.7,58.93,3.45
23350,LA APARTADA,Córdoba,3,Grandes centros urbanos,448299.0,15613.0,14.2,5.651567770106108,0.7134307340256998,40.53,0.6,56.8,2.07
23417,LORICA,Córdoba,3,Grandes centros urbanos,4559508.0,52787.0,20.23,6.658917982047545,0.6922276197085357,39.9,0.61,57.63,1.85
23419,LOS CORDOBAS,Córdoba,4,Perfil quirúrgico con buen registro,610243.0,14818.0,21.47,5.785502806395151,0.4155092592592592,28.72,0.59,69.11,1.58
23464,MOMIL,Córdoba,3,Grandes centros urbanos,568452.0,21055.0,18.3,5.754693798812269,0.7566546762589927,42.07,0.57,55.59,1.77
23500,MO?ITOS,Córdoba,4,Perfil quirúrgico con buen registro,806296.0,24200.0,10.41,5.906494505288332,0.6114931237721022,37.35,0.57,61.07,1.01
23555,PLANETA RICA,Córdoba,3,Grandes centros urbanos,2469050.0,47255.0,7.84,6.392529884789861,0.9507606084867894,47.5,0.56,49.95,1.99
23570,PUEBLO NUEVO,Córdoba,3,Grandes centros urbanos,1481525.0,27960.0,14.1,6.17070898438201,0.6211819389110227,37.42,0.55,60.23,1.81
23574,PUERTO ESCONDIDO,Córdoba,2,Perfil quirúrgico medio,460325.0,19921.0,22.28,5.663064561831218,0.5087037612682623,32.73,1.34,64.33,1.61
23586,PURISIMA,Córdoba,3,Grandes centros urbanos,893689.0,29915.0,19.78,5.951186412439908,0.6037828947368421,36.71,0.44,60.79,2.05
23660,SAHAGUN,Córdoba,3,Grandes centros urbanos,5478041.0,61263.0,25.88,6.738625278375614,0.6102453580901858,36.81,0.55,60.31,2.33
23670,SAN ANDRES SOTAVENTO,Córdoba,3,Grandes centros urbanos,2212138.0,41514.0,16.4,6.344812216108733,0.5969220694171579,36.46,0.46,61.07,2.0
23672,SAN ANTERO,Córdoba,3,Grandes centros urbanos,1339805.0,35311.0,23.19,6.127041594195758,0.6222925691436189,37.35,0.48,60.01,2.16
23675,SAN BERNARDO DEL VIENTO,Córdoba,3,Grandes centros urbanos,2001131.0,29795.0,10.76,6.301275519778096,0.6615436581658504,39.17,0.48,59.2,1.15
23678,SAN CARLOS,Córdoba,4,Perfil quirúrgico con buen registro,771391.0,19649.0,22.55,5.887274567543844,0.5629559150015858,35.5,0.56,63.05,0.89
23686,SAN PELAYO,Córdoba,4,Perfil quirúrgico con buen registro,1966773.0,38380.0,19.26,6.293754237633429,0.4836434573829531,32.23,0.54,66.63,0.59
23855,VALENCIA,Córdoba,3,Grandes centros urbanos,1198514.0,25184.0,14.86,6.078643111450386,0.8229417206290471,44.48,0.78,54.04,0.7
23466,MONTELIBANO,Córdoba,5,Alta demanda de urgencias,3640105.0,55797.0,10.52,6.561113911193811,0.6477845351867941,37.28,0.97,57.54,4.21
23580,PUERTO LIBERTADOR,Córdoba,4,Perfil quirúrgico con buen registro,1557214.0,23064.0,23.28,6.192348299551272,0.4445265179494754,30.09,0.69,67.68,1.54
23807,TIERRALTA,Córdoba,3,Grandes centros urbanos,4305123.0,55677.0,9.82,6.633985564026182,0.4917881811204911,32.04,0.67,65.14,2.15
8001,BARRANQUILLA,Atlántico,3,Grandes centros urbanos,90220995.0,195287.0,16.11,7.955307612393998,0.6128226477935054,36.8,0.59,60.04,2.57
8078,BARANOA,Atlántico,5,Alta demanda de urgencias,3514294.0,56169.0,14.58,6.545838091034255,0.656969696969697,37.94,0.78,57.74,3.54
8137,CAMPO DE LA CRUZ,Atlántico,3,Grandes centros urbanos,840085.0,27548.0,9.62,5.924323230303981,0.5781275352912544,35.63,0.5,61.62,2.26
8141,CANDELARIA,Atlántico,5,Alta demanda de urgencias,506386.0,17256.0,9.82,5.704481690281822,0.5598241901351132,34.39,0.42,61.42,3.77
8296,GALAPA,Atlántico,5,Alta demanda de urgencias,1288445.0,32161.0,33.79,6.110065884504064,0.4334430152557583,28.98,0.64,66.85,3.53
8372,JUAN DE ACOSTA,Atlántico,5,Alta demanda de urgencias,716288.0,25945.0,22.74,5.855087675467658,0.5156200694225308,32.68,1.07,63.37,2.88
8421,LURUACO,Atlántico,5,Alta demanda de urgencias,1199951.0,26819.0,20.06,6.079163511994207,0.4872231686541737,31.46,0.65,64.56,3.33
8433,MALAMBO,Atlántico,3,Grandes centros urbanos,4069961.0,60372.0,17.69,6.609590247661106,0.8237511781338361,43.7,0.47,53.04,2.78
8436,MANATI,Atlántico,4,Perfil quirúrgico con buen registro,527128.0,14411.0,12.26,5.721916085694228,0.3865618298784846,27.04,0.59,69.94,2.43
8520,PALMAR DE VARELA,Atlántico,5,Alta demanda de urgencias,673645.0,22789.0,19.62,5.828431090663385,0.5161649944258639,32.41,0.85,62.78,3.96
8549,PIOJO,Atlántico,5,Alta demanda de urgencias,129797.0,6978.0,32.99,5.113264654725503,0.5601693535254845,34.4,0.79,61.4,3.41
8558,POLONUEVO,Atlántico,5,Alta demanda de urgencias,754777.0,20861.0,27.61,5.877818657622632,0.5006218905472637,32.2,0.61,64.31,2.88
8560,PONEDERA,Atlántico,5,Alta demanda de urgencias,719088.0,20202.0,7.97,5.856782041392355,0.5727822251266134,35.06,0.55,61.2,3.18
8573,PUERTO COLOMBIA,Atlántico,5,Alta demanda de urgencias,1489520.0,34387.0,25.32,6.173046338924896,0.5306089998409922,33.37,0.68,62.88,3.07
8606,REPELON,Atlántico,3,Grandes centros urbanos,627132.0,17582.0,7.47,5.797358961625055,0.7023305084745762,39.78,0.54,56.63,3.05
8634,SABANAGRANDE,Atlántico,1,Alta carga NO DEFINIDO,1224137.0,33429.0,26.4,6.087830024847533,0.4039013195639702,28.16,0.52,69.71,1.61
8638,SABANALARGA,Atlántico,5,Alta demanda de urgencias,4156922.0,63244.0,21.4,6.618771875531618,0.6357581967213115,37.23,0.65,58.55,3.57
8675,SANTA LUCIA,Atlántico,4,Perfil quirúrgico con buen registro,219274.0,8354.0,7.11,5.340987139083148,0.5179733498605515,33.43,0.67,64.53,1.38
8685,SANTO TOMAS,Atlántico,5,Alta demanda de urgencias,1112607.0,26340.0,19.6,6.046341787990042,0.5729567106802608,34.28,1.18,59.82,4.73
8758,SOLEDAD,Atlántico,3,Grandes centros urbanos,24920626.0,124781.0,18.98,7.396558947494797,0.7001236967662131,39.62,0.47,56.58,3.33
8770,SUAN,Atlántico,5,Alta demanda de urgencias,489407.0,14801.0,18.8,5.689670176784532,0.7207384835992113,40.21,0.41,55.78,3.6
8832,TUBARA,Atlántico,4,Perfil quirúrgico con buen registro,733320.0,20655.0,10.88,5.865293529767452,0.360724820901812,25.68,0.46,71.18,2.69
8849,USIACURI,Atlántico,5,Alta demanda de urgencias,241108.0,12474.0,18.55,5.382211620573284,0.5949941206114564,35.42,0.74,59.52,4.31
13001,CARTAGENA,Bolívar,3,Grandes centros urbanos,59901634.0,167034.0,20.18,7.777438669259171,0.7179532893563916,40.27,0.52,56.08,3.13
13006,ACHI,Bolívar,4,Perfil quirúrgico con buen registro,1026922.0,27832.0,13.95,6.0115374579536125,0.5242688238954574,33.7,0.71,64.27,1.33
13030,ALTOS DEL ROSARIO,Bolívar,4,Perfil quirúrgico con buen registro,381374.0,12579.0,2.59,5.581351081889267,0.5755049695415198,35.9,0.36,62.37,1.38
13042,ARENAL,Bolívar,4,Perfil quirúrgico con buen registro,278327.0,10930.0,12.59,5.444555338501619,0.5249768732654949,34.05,0.75,64.85,0.35
13052,ARJONA,Bolívar,3,Grandes centros urbanos,2584028.0,51489.0,5.1,6.412297215274908,0.5931955070812306,36.44,0.45,61.42,1.7
13062,ARROYOHONDO,Bolívar,4,Perfil quirúrgico con buen registro,199036.0,9313.0,9.14,5.298931635140028,0.5645517676767677,35.77,0.3,63.35,0.57
13074,BARRANCO DE LOBA,Bolívar,4,Perfil quirúrgico con buen registro,659096.0,14282.0,5.69,5.818948675950294,0.4912014563106796,32.38,0.35,65.91,1.36
13140,CALAMAR,Bolívar,5,Alta demanda de urgencias,721048.0,17091.0,18.85,5.8579641765658295,0.5085015096138567,32.0,0.52,62.92,4.55
13160,CANTAGALLO,Bolívar,4,Perfil quirúrgico con buen registro,135966.0,8621.0,13.17,5.133430321175776,0.4118668596237337,28.46,0.79,69.09,1.66
13188,CICUCO,Bolívar,4,Perfil quirúrgico con buen registro,598622.0,19161.0,15.79,5.77715267358508,0.5003827897718572,32.68,0.35,65.3,1.68
13212,CORDOBA,Bolívar,1,Alta carga NO DEFINIDO,312810.0,10157.0,30.48,5.495280628260573,0.3087961732660111,23.24,0.26,75.25,1.25
13222,CLEMENCIA,Bolívar,2,Perfil quirúrgico medio,143153.0,7764.0,9.06,5.15580045378824,0.8824893699265559,45.66,0.8,51.73,1.82
13244,EL CARMEN DE BOLIVAR,Bolívar,3,Grandes centros urbanos,3028132.0,45980.0,11.82,6.481174802671536,0.8353421101427776,45.05,0.33,53.92,0.7
13248,EL GUAMO,Bolívar,2,Perfil quirúrgico medio,173511.0,8827.0,2.55,5.239327012774544,0.8327448429659916,44.81,0.27,53.8,1.12
13268,EL PEÑON,Bolívar,4,Perfil quirúrgico con buen registro,160552.0,6340.0,20.66,5.205615719952685,0.5352748793022892,34.37,0.35,64.2,1.09
13433,MAHATES,Bolívar,3,Grandes centros urbanos,774054.0,19081.0,13.85,5.888771259240995,0.7173606210303457,40.66,0.29,56.67,2.38
13440,MARGARITA,Bolívar,4,Perfil quirúrgico con buen registro,97532.0,4985.0,8.62,4.989147129988967,0.3872466216216216,27.51,0.51,71.03,0.95
13442,MARIA LA BAJA,Bolívar,3,Grandes centros urbanos,1542460.0,23925.0,24.2,6.188213910465719,0.8393820956635027,45.1,0.34,53.72,0.84
13458,MONTECRISTO,Bolívar,4,Perfil quirúrgico con buen registro,339524.0,8428.0,28.53,5.530870478761346,0.4244127395878369,29.45,0.38,69.38,0.79
13468,MOMPOS,Bolívar,4,Perfil quirúrgico con buen registro,1868220.0,27892.0,11.85,6.2714280170547605,0.4749813293502614,31.8,0.33,66.94,0.93
13473,MORALES,Bolívar,2,Perfil quirúrgico medio,269475.0,8504.0,35.67,5.43051848059635,0.5495822166167429,34.86,0.95,63.42,0.77
13549,PINILLOS,Bolívar,4,Perfil quirúrgico con buen registro,697055.0,21132.0,11.14,5.8432670467552965,0.500531027158246,32.99,0.32,65.9,0.8
13580,REGIDOR,Bolívar,4,Perfil quirúrgico con buen registro,124634.0,6694.0,4.23,5.0956365334798654,0.3717321403606878,26.59,0.75,71.52,1.14
13600,RIO VIEJO,Bolívar,1,Alta carga NO DEFINIDO,345281.0,11148.0,40.28,5.538172680804754,0.5064200550290431,33.13,0.49,65.41,0.97
13620,SAN CRISTOBAL,Bolívar,5,Alta demanda de urgencias,280106.0,10945.0,4.74,5.447322411711761,0.5866489096054603,35.24,0.36,60.06,4.34
13647,SAN ESTANISLAO,Bolívar,4,Perfil quirúrgico con buen registro,522749.0,14272.0,9.37,5.71829321070081,0.5904315500242444,36.53,0.39,61.86,1.22
13654,SAN JACINTO,Bolívar,3,Grandes centros urbanos,1251266.0,36631.0,8.92,6.097349643867822,0.652636832473798,39.23,0.3,60.1,0.37
13655,SAN JACINTO DEL CAUCA,Bolívar,4,Perfil quirúrgico con buen registro,266077.0,7015.0,20.8,5.42500733526243,0.5397978521794062,34.18,0.44,63.31,2.07
13657,SAN JUAN NEPOMUCENO,Bolívar,3,Grandes centros urbanos,2092342.0,33581.0,12.88,6.320632672821146,0.6166202261924274,37.62,0.24,61.0,1.13
13667,SAN MARTIN DE LOBA,Bolívar,5,Alta demanda de urgencias,438069.0,12977.0,5.68,5.641542521369712,0.4439577039274924,29.39,0.64,66.19,3.78
13670,SAN PABLO,Bolívar,4,Perfil quirúrgico con buen registro,769269.0,19433.0,28.59,5.886078231592558,0.6024603431531239,37.22,0.7,61.77,0.31
13673,SANTA CATALINA,Bolívar,4,Perfil quirúrgico con buen registro,357268.0,12308.0,7.32,5.552994118789093,0.6147364943003469,37.21,0.54,60.52,1.73
13683,SANTA ROSA,Bolívar,3,Grandes centros urbanos,811603.0,26811.0,19.68,5.909343643685406,0.6011107481215289,36.8,0.56,61.21,1.44
13688,SANTA ROSA DEL SUR,Bolívar,1,Alta carga NO DEFINIDO,845646.0,19150.0,44.97,5.92718859894791,0.3662871424604276,26.38,0.74,72.01,0.87
13744,SIMITI,Bolívar,4,Perfil quirúrgico con buen registro,488668.0,25776.0,12.75,5.689013900561952,0.4389740566037736,29.78,1.1,67.83,1.29
13760,SOPLAVIENTO,Bolívar,4,Perfil quirúrgico con buen registro,191357.0,11546.0,20.5,5.281844353708512,0.4839685420447671,32.0,0.9,66.11,0.99
13780,TALAIGUA NUEVO,Bolívar,4,Perfil quirúrgico con buen registro,413178.0,14657.0,7.34,5.616137189098877,0.546872538207027,34.71,0.35,63.46,1.49
13810,TIQUISIO,Bolívar,4,Perfil quirúrgico con buen registro,623214.0,19072.0,12.03,5.794637200849446,0.5882352941176471,36.4,0.43,61.87,1.3
13836,TURBACO,Bolívar,3,Grandes centros urbanos,3964652.0,62426.0,9.87,6.598205072835849,0.6763243613920796,39.45,0.42,58.32,1.81
13838,TURBANA,Bolívar,4,Perfil quirúrgico con buen registro,457990.0,15980.0,17.72,5.660855995488079,0.6284297520661157,38.02,0.38,60.49,1.12
13873,VILLANUEVA,Bolívar,4,Perfil quirúrgico con buen registro,892574.0,20683.0,5.66,5.950644232021666,0.5501757750079898,34.43,0.43,62.57,2.57
13894,ZAMBRANO,Bolívar,3,Grandes centros urbanos,436462.0,16901.0,10.93,5.639946438399651,0.7452593917710196,41.66,0.52,55.89,1.93
20032,ASTREA,Cesar,1,Alta carga NO DEFINIDO,491794.0,13017.0,56.94,5.691783225942375,0.3209710047201618,23.8,0.88,74.14,1.19
20060,BOSCONIA,Cesar,5,Alta demanda de urgencias,1875472.0,32001.0,31.3,6.273110584703075,0.4476233726914925,29.57,1.32,66.05,3.05
20175,CHIMICHAGUA,Cesar,1,Alta carga NO DEFINIDO,1001838.0,18658.0,39.32,6.000797500579012,0.5317472821805578,33.75,0.66,63.46,2.12
20178,CHIRIGUANA,Cesar,1,Alta carga NO DEFINIDO,912429.0,18912.0,28.02,5.960199080133573,0.4065838868033496,28.16,0.95,69.25,1.64
20228,CURUMANI,Cesar,5,Alta demanda de urgencias,1036715.0,19852.0,42.49,6.015659382291712,0.6052456839309429,36.46,0.67,60.23,2.64
20238,EL COPEY,Cesar,1,Alta carga NO DEFINIDO,955657.0,21643.0,36.59,5.980302045271233,0.4545994947243275,30.59,0.69,67.28,1.44
20250,EL PASO,Cesar,5,Alta demanda de urgencias,1199684.0,26891.0,18.16,6.079066866773458,0.5122684818743075,32.36,0.91,63.16,3.57
20295,GAMARRA,Cesar,1,Alta carga NO DEFINIDO,706129.0,16091.0,48.89,5.848884047893801,0.4176724137931034,29.07,0.73,69.59,0.62
20310,GONZALEZ,Cesar,4,Perfil quirúrgico con buen registro,185864.0,8546.0,3.07,5.269195279414804,0.4314632735685366,29.84,0.46,69.15,0.55
20383,LA GLORIA,Cesar,4,Perfil quirúrgico con buen registro,491945.0,14714.0,27.99,5.691916550873648,0.4431164231961044,30.03,0.75,67.76,1.45
20400,LA JAGUA DE IBIRICO,Cesar,3,Grandes centros urbanos,1307731.0,27767.0,38.29,6.116518418888654,0.5982668410725965,36.59,0.69,61.15,1.56
20443,MANAURE,Cesar,1,Alta carga NO DEFINIDO,389152.0,13970.0,32.62,5.590119266794893,0.4962760297917616,32.65,0.86,65.78,0.71
20517,PAILITAS,Cesar,5,Alta demanda de urgencias,1298934.0,25970.0,34.7,6.113587084742004,0.4404423852936779,29.47,0.64,66.9,2.99
20550,PELAYA,Cesar,1,Alta carga NO DEFINIDO,951608.0,19820.0,53.77,5.978458084417405,0.4137142857142857,28.96,0.58,69.99,0.47
20614,RIO DE ORO,Cesar,2,Perfil quirúrgico medio,419444.0,15356.0,32.37,5.622673986346055,0.6919720767888308,39.65,0.75,57.29,2.3
20710,SAN ALBERTO,Cesar,3,Grandes centros urbanos,1491319.0,35706.0,26.31,6.1735705509791545,0.7749496429225416,42.32,0.69,54.6,2.39
20750,SAN DIEGO,Cesar,1,Alta carga NO DEFINIDO,1025070.0,19802.0,37.97,6.010753523514418,0.3739577543079488,26.91,0.59,71.95,0.55
20787,TAMALAMEQUE,Cesar,1,Alta carga NO DEFINIDO,775209.0,17645.0,47.77,5.889418806132038,0.3439613526570048,24.92,0.52,72.44,2.12
20001,VALLEDUPAR,Cesar,3,Grandes centros urbanos,29906141.0,126598.0,31.99,7.475760376570926,0.4884006759870947,31.79,0.85,65.08,2.29
20013,AGUSTIN CODAZZI,Cesar,1,Alta carga NO DEFINIDO,3264379.0,40027.0,36.39,6.513800575343232,0.4038378300389554,27.99,0.77,69.3,1.94
20045,BECERRIL,Cesar,4,Perfil quirúrgico con buen registro,541280.0,15087.0,21.7,5.7334219804439055,0.3452397498262682,24.84,0.78,71.94,2.44
20621,LA PAZ,Cesar,2,Perfil quirúrgico medio,827025.0,21516.0,28.68,5.917518637966021,0.6268558231606731,38.0,0.79,60.61,0.59
20570,PUEBLO BELLO,Cesar,1,Alta carga NO DEFINIDO,581703.0,9908.0,57.23,5.764701303578471,0.3986283754822117,27.9,0.48,69.98,1.64
20770,SAN MARTIN,Cesar,3,Grandes centros urbanos,1113059.0,29869.0,33.01,6.046518185624295,0.6760708756236022,39.3,0.74,58.12,1.84
20011,AGUACHICA,Cesar,1,Alta carga NO DEFINIDO,5488132.0,52958.0,39.81,6.739424548431603,0.4859841560024375,31.9,0.74,65.63,1.73
44078,BARRANCAS,La Guajira,5,Alta demanda de urgencias,1035276.0,23148.0,28.7,6.01505614621594,0.4890049042872963,30.91,1.35,63.2,4.54
44098,DISTRACCION,La Guajira,5,Alta demanda de urgencias,302774.0,11380.0,33.41,5.48111857841939,0.5452499598135349,33.92,0.82,62.2,3.05
44110,EL MOLINO,La Guajira,1,Alta carga NO DEFINIDO,261113.0,9075.0,38.09,5.41682849452581,0.4641305975737606,30.99,0.69,66.76,1.57
44279,FONSECA,La Guajira,1,Alta carga NO DEFINIDO,1855909.0,35806.0,40.0,6.268556677827488,0.4564564564564564,30.4,0.82,66.59,2.19
44378,HATONUEVO,La Guajira,5,Alta demanda de urgencias,694532.0,20142.0,38.64,5.84169226030151,0.4126019273535952,27.83,0.75,67.44,3.98
44420,LA JAGUA DEL PILAR,La Guajira,2,Perfil quirúrgico medio,57259.0,4021.0,27.68,4.7578437590143565,0.5694151952049247,35.15,0.93,61.72,2.2
44855,URUMITA,La Guajira,1,Alta carga NO DEFINIDO,493706.0,17106.0,45.14,5.693468405224508,0.4743161094224923,31.21,0.8,65.79,2.2
44874,VILLANUEVA,La Guajira,2,Perfil quirúrgico medio,920501.0,26977.0,33.75,5.964024264642582,0.67646042170757,39.14,0.97,57.85,2.04
44001,RIOHACHA,La Guajira,3,Grandes centros urbanos,8730455.0,67581.0,25.12,6.941036878166048,0.6638903348950199,38.26,1.31,57.62,2.81
44035,ALBANIA,La Guajira,5,Alta demanda de urgencias,869747.0,23632.0,24.04,5.939392939419405,0.5629294452823865,33.59,3.21,59.66,3.53
44090,DIBULLA,La Guajira,5,Alta demanda de urgencias,690764.0,18143.0,18.43,5.8393296957038325,0.663910422049957,38.54,0.64,58.04,2.78
44650,SAN JUAN DEL CESAR,La Guajira,1,Alta carga NO DEFINIDO,3064705.0,41072.0,45.23,6.486388676884434,0.4666165413533835,31.03,0.81,66.49,1.67
44847,URIBIA,La Guajira,1,Alta carga NO DEFINIDO,9980698.0,42266.0,32.71,6.999160914729071,0.4009085746734809,28.24,0.47,70.43,0.85
44430,MAICAO,La Guajira,5,Alta demanda de urgencias,11764742.0,80498.0,24.52,7.07058240756772,0.5329178651326303,33.35,1.35,62.57,2.73
44560,MANAURE,La Guajira,3,Grandes centros urbanos,1646159.0,21474.0,44.47,6.2164717807472485,0.6307227905416737,37.61,0.88,59.62,1.88
47541,PEDRAZA,Magdalena,3,Grandes centros urbanos,414723.0,6351.0,19.71,5.617758121440932,0.8148078725398312,43.47,0.27,53.34,2.92
47030,ALGARROBO,Magdalena,5,Alta demanda de urgencias,441308.0,14602.0,27.27,5.644741800377996,0.5576637518561293,33.8,0.58,60.6,5.02
47058,ARIGUANI,Magdalena,1,Alta carga NO DEFINIDO,1411929.0,21050.0,38.09,6.1498128584130365,0.4635167464114831,31.0,0.59,66.87,1.54
47161,CERRO SAN ANTONIO,Magdalena,3,Grandes centros urbanos,359202.0,8862.0,11.37,5.555338746109258,0.7713821725009022,42.75,0.37,55.41,1.47
47170,CHIVOLO,Magdalena,4,Perfil quirúrgico con buen registro,770173.0,13090.0,8.11,5.886588289466474,0.4432432432432432,30.34,0.46,68.44,0.75
47205,CONCORDIA,Magdalena,3,Grandes centros urbanos,445345.0,10199.0,9.79,5.648696580746035,0.7222901029848141,41.38,0.33,57.28,1.01
47258,EL PIÑON,Magdalena,4,Perfil quirúrgico con buen registro,406252.0,13007.0,14.69,5.608795512046809,0.5400537209669775,34.18,0.82,63.28,1.73
47268,EL RETEN,Magdalena,5,Alta demanda de urgencias,832285.0,17881.0,23.0,5.920272067556256,0.6094724422720377,36.16,0.54,59.32,3.98
47318,GUAMAL,Magdalena,4,Perfil quirúrgico con buen registro,1210726.0,26729.0,23.45,6.083045868863841,0.4826593972436771,31.87,0.54,66.02,1.57
47460,NUEVA GRANADA,Magdalena,3,Grandes centros urbanos,1196825.0,21766.0,22.6,6.078030652419324,0.6366628270528221,38.69,0.29,60.76,0.26
47545,PIJIÑO DEL CARMEN,Magdalena,4,Perfil quirúrgico con buen registro,364161.0,9108.0,11.0,5.561293432969813,0.5374980428996399,34.33,0.33,63.86,1.47
47551,PIVIJAY,Magdalena,3,Grandes centros urbanos,1632422.0,30898.0,17.12,6.212832439087156,0.585218948396549,35.95,0.81,61.42,1.82
47555,PLATO,Magdalena,3,Grandes centros urbanos,4759929.0,62678.0,22.84,6.677600474750286,0.5231299984318646,33.36,0.44,63.76,2.44
47570,PUEBLOVIEJO,Magdalena,4,Perfil quirúrgico con buen registro,971159.0,18015.0,14.39,5.987290339248463,0.5414957399810666,34.32,0.55,63.37,1.77
47605,REMOLINO,Magdalena,4,Perfil quirúrgico con buen registro,361244.0,8393.0,14.55,5.557800642509155,0.4889056603773585,32.39,0.37,66.24,1.0
47660,SABANAS DE SAN ANGEL,Magdalena,4,Perfil quirúrgico con buen registro,285476.0,8554.0,9.73,5.455569602929721,0.5258847164271364,34.03,0.46,64.7,0.81
47675,SALAMINA,Magdalena,2,Perfil quirúrgico medio,269213.0,9936.0,27.43,5.4300960276616985,0.867666603379533,45.7,0.33,52.66,1.31
47692,SAN SEBASTIAN DE BUENAVISTA,Magdalena,4,Perfil quirúrgico con buen registro,805129.0,14475.0,0.87,5.905865469808572,0.6181399934275386,37.62,0.27,60.85,1.26
47703,SAN ZENON,Magdalena,4,Perfil quirúrgico con buen registro,430732.0,11869.0,24.66,5.634207137625552,0.4910334346504559,32.31,0.35,65.79,1.56
47707,SANTA ANA,Magdalena,4,Perfil quirúrgico con buen registro,1173950.0,30631.0,1.74,6.069649600159877,0.5641800540798473,35.47,0.49,62.86,1.18
47720,SANTA BARBARA DE PINTO,Magdalena,4,Perfil quirúrgico con buen registro,453782.0,8906.0,2.6,5.656847264894631,0.6821416468993562,40.26,0.23,59.01,0.51
47745,SITIONUEVO,Magdalena,4,Perfil quirúrgico con buen registro,748569.0,12091.0,6.7,5.874231837996537,0.5213899613899614,33.76,0.42,64.74,1.08
47798,TENERIFE,Magdalena,3,Grandes centros urbanos,557542.0,13306.0,13.79,5.746277588637137,0.8549718574108819,45.57,0.46,53.29,0.68
47960,ZAPAYAN,Magdalena,4,Perfil quirúrgico con buen registro,295290.0,7206.0,7.4,5.470248739825372,0.7098615916955018,41.03,0.25,57.79,0.93
47980,ZONA BANANERA,Magdalena,3,Grandes centros urbanos,2032141.0,28296.0,27.44,6.307953838157889,0.5751086781516663,35.72,0.55,62.1,1.62
47053,ARACATACA,Magdalena,5,Alta demanda de urgencias,1257295.0,20780.0,37.73,6.099437188458361,0.5056109725685785,32.44,0.52,64.15,2.89
47189,CIENAGA,Magdalena,5,Alta demanda de urgencias,5495889.0,76560.0,18.82,6.74003795273157,0.7027802690582959,39.18,0.72,55.74,4.36
47288,FUNDACION,Magdalena,3,Grandes centros urbanos,3901481.0,48981.0,17.91,6.591229496266228,0.7030644593166608,39.92,0.68,56.77,2.63
47001,SANTA MARTA,Magdalena,3,Grandes centros urbanos,19992885.0,115386.0,12.59,7.300875467913791,1.041063829787234,48.93,0.82,46.99,3.26
47245,EL BANCO,Magdalena,1,Alta carga NO DEFINIDO,3208749.0,39892.0,30.67,6.506335746332542,0.395889824461253,27.74,0.59,70.06,1.61
70001,SINCELEJO,Sucre,3,Grandes centros urbanos,17189816.0,118883.0,11.33,7.235271228018504,0.6971196324438947,39.45,1.02,56.58,2.95
70110,BUENAVISTA,Sucre,4,Perfil quirúrgico con buen registro,499664.0,14582.0,13.95,5.698678060340007,0.4569644715326296,30.74,0.56,67.26,1.44
70124,CAIMITO,Sucre,4,Perfil quirúrgico con buen registro,364321.0,12189.0,23.3,5.561484205338168,0.4762412427657629,31.27,0.83,65.65,2.25
70204,COLOSO,Sucre,4,Perfil quirúrgico con buen registro,363092.0,13102.0,19.62,5.560016680215205,0.6240464344941957,37.63,0.28,60.29,1.8
70215,COROZAL,Sucre,3,Grandes centros urbanos,3219810.0,61627.0,18.06,6.507830244867839,0.6307432432432434,37.34,0.76,59.19,2.71
70221,COVEÑAS,Sucre,5,Alta demanda de urgencias,527606.0,18527.0,17.69,5.722309725752408,0.5404974489795918,33.9,0.46,62.71,2.92
70230,CHALAN,Sucre,4,Perfil quirúrgico con buen registro,339897.0,15373.0,4.91,5.531347331428616,0.6044568245125348,36.89,0.41,61.02,1.68
70233,EL ROBLE,Sucre,4,Perfil quirúrgico con buen registro,166042.0,8204.0,9.66,5.220217955878083,0.6390927284856571,38.32,0.4,59.95,1.33
70235,GALERAS,Sucre,3,Grandes centros urbanos,828667.0,26958.0,20.16,5.918380044282019,0.6637872628726287,39.19,0.33,59.03,1.45
70265,GUARANDA,Sucre,2,Perfil quirúrgico medio,326193.0,13899.0,9.5,5.513474636980185,0.8197685448681464,43.21,0.9,52.7,3.19
70400,LA UNION,Sucre,3,Grandes centros urbanos,414883.0,15753.0,15.12,5.617925639800168,0.7456904211835792,41.96,0.47,56.26,1.31
70418,LOS PALMITOS,Sucre,2,Perfil quirúrgico medio,732968.0,23766.0,21.99,5.865085014577303,0.6180393464488163,37.07,0.98,59.97,1.98
70429,MAJAGUAL,Sucre,4,Perfil quirúrgico con buen registro,966137.0,23636.0,5.41,5.985038714536957,0.4144486692015208,28.34,0.75,68.37,2.54
70508,OVEJAS,Sucre,3,Grandes centros urbanos,1129733.0,33348.0,13.94,6.052975814874458,0.6578857919782461,38.71,0.47,58.83,1.98
70523,PALMITO,Sucre,4,Perfil quirúrgico con buen registro,354271.0,12390.0,17.18,5.549335603206887,0.4907266646397081,32.28,0.55,65.77,1.4
70670,SAMPUES,Sucre,5,Alta demanda de urgencias,2192888.0,40388.0,17.59,6.341016451000778,0.498142414860681,32.18,0.53,64.59,2.7
70678,SAN BENITO ABAD,Sucre,4,Perfil quirúrgico con buen registro,614426.0,13872.0,19.12,5.788469584981818,0.4309302668435795,29.23,1.14,67.82,1.81
70702,SAN JUAN BETULIA,Sucre,2,Perfil quirúrgico medio,681871.0,20295.0,23.13,5.8337022202762885,0.6643392370572206,39.01,0.77,58.71,1.51
70708,SAN MARCOS,Sucre,5,Alta demanda de urgencias,1795062.0,39258.0,17.72,6.254079453356047,0.4505017223303878,30.08,0.8,66.76,2.36
70713,SAN ONOFRE,Sucre,3,Grandes centros urbanos,1982978.0,44056.0,9.01,6.297317895984626,0.617985012489592,37.11,0.55,60.04,2.3
70717,SAN PEDRO,Sucre,4,Perfil quirúrgico con buen registro,1051602.0,30284.0,18.19,6.021851403402505,0.4876184653011311,31.9,0.41,65.41,2.28
70742,SINCE,Sucre,5,Alta demanda de urgencias,980538.0,30319.0,28.35,5.991464429080319,0.53339755940912,33.22,0.6,62.27,3.91
70771,SUCRE,Sucre,5,Alta demanda de urgencias,531677.0,18665.0,21.09,5.725647873424702,0.4455981941309255,29.61,0.81,66.44,3.14
70820,SANTIAGO DE TOLU,Sucre,5,Alta demanda de urgencias,1301383.0,34843.0,14.62,6.114405129234771,0.6724045185583648,37.5,0.9,55.76,5.83
70823,TOLU VIEJO,Sucre,4,Perfil quirúrgico con buen registro,710511.0,23197.0,24.78,5.851570805982448,0.4589724497393894,30.82,0.77,67.14,1.27
70473,MORROA,Sucre,5,Alta demanda de urgencias,785483.0,25296.0,13.81,5.89513679015755,0.6414804707487635,37.61,0.84,58.62,2.93
81001,ARAUCA,Arauca,1,Alta carga NO DEFINIDO,2867183.0,42929.0,33.55,6.457455412986189,0.5616394999208736,35.49,0.9,63.18,0.42
81591,PUERTO RONDON,Arauca,5,Alta demanda de urgencias,164018.0,9495.0,26.02,5.214891511899572,0.475606014114759,31.0,0.85,65.17,2.99
81220,CRAVO NORTE,Arauca,1,Alta carga NO DEFINIDO,147071.0,7958.0,29.75,5.167527045388221,0.3337021158899184,24.13,0.8,72.3,2.77
81065,ARAUQUITA,Arauca,4,Perfil quirúrgico con buen registro,1802778.0,32671.0,23.36,6.255942249567068,0.3911370760900541,27.45,0.59,70.17,1.79
81300,FORTUL,Arauca,4,Perfil quirúrgico con buen registro,781554.0,23781.0,23.92,5.892958990150243,0.5017793594306049,32.43,0.76,64.62,2.19
81736,SARAVENA,Arauca,1,Alta carga NO DEFINIDO,2280609.0,41641.0,40.34,6.358050833852671,0.4029680365296803,28.24,0.99,70.07,0.71
81794,TAME,Arauca,4,Perfil quirúrgico con buen registro,1895398.0,36356.0,18.66,6.277700418026989,0.4025508741759816,28.09,0.69,69.77,1.45
15001,TUNJA,Boyacá,3,Grandes centros urbanos,13014479.0,108428.0,15.57,7.114426786970493,0.6865307544868444,39.4,0.74,57.38,2.49
15022,ALMEIDA,Boyacá,2,Perfil quirúrgico medio,88419.0,6667.0,26.78,4.946545598819824,0.6945592286501379,40.34,0.79,58.07,0.8
15047,AQUITANIA,Boyacá,4,Perfil quirúrgico con buen registro,862159.0,23265.0,29.6,5.935587366120356,0.5619834710743802,35.36,0.79,62.91,0.93
15051,ARCABUCO,Boyacá,2,Perfil quirúrgico medio,195162.0,11887.0,22.68,5.290395260067986,0.661328790459966,38.82,1.04,58.69,1.45
15087,BELEN,Boyacá,2,Perfil quirúrgico medio,320605.0,15081.0,34.7,5.505970291116931,0.6603265443528026,39.23,0.7,59.4,0.67
15090,BERBEO,Boyacá,4,Perfil quirúrgico con buen registro,79498.0,4451.0,29.02,4.900356202871695,0.3562362030905077,25.82,0.68,72.47,1.04
15092,BETEITIVA,Boyacá,2,Perfil quirúrgico medio,66631.0,3988.0,25.95,4.823676331221355,0.680273270708796,39.83,0.85,58.54,0.77
15097,BOAVITA,Boyacá,4,Perfil quirúrgico con buen registro,335617.0,14033.0,21.65,5.525843951021989,0.4179233089185695,29.1,0.6,69.62,0.68
15104,BOYACA,Boyacá,2,Perfil quirúrgico medio,391439.0,19103.0,18.65,5.5926640932714085,0.7972552607502288,43.57,0.64,54.64,1.15
15106,BRICEÑO,Boyacá,1,Alta carga NO DEFINIDO,87674.0,4618.0,46.56,4.942870821066701,0.4309822587624405,29.88,0.39,69.32,0.41
15109,BUENAVISTA,Boyacá,4,Perfil quirúrgico con buen registro,313711.0,9536.0,11.89,5.4965297471183545,0.3719327267714364,26.98,0.25,72.53,0.25
15114,BUSBANZA,Boyacá,2,Perfil quirúrgico medio,31190.0,2822.0,38.73,4.494015374757144,0.5408163265306123,34.45,0.76,63.69,1.11
15131,CALDAS,Boyacá,1,Alta carga NO DEFINIDO,206471.0,8358.0,31.82,5.314859061201038,0.4389218953774815,30.29,0.33,69.0,0.37
15135,CAMPOHERMOSO,Boyacá,2,Perfil quirúrgico medio,99132.0,5764.0,12.83,4.996213868210019,0.737649964714185,41.81,0.72,56.67,0.8
15162,CERINZA,Boyacá,4,Perfil quirúrgico con buen registro,183978.0,9648.0,29.46,5.264765893390846,0.5961569513967383,36.92,0.65,61.92,0.51
15172,CHINAVITA,Boyacá,2,Perfil quirúrgico medio,99257.0,7484.0,39.76,4.996761144696333,0.6159527326440177,37.53,0.95,60.92,0.59
15176,CHIQUINQUIRA,Boyacá,3,Grandes centros urbanos,3150972.0,47518.0,19.64,6.498444543986592,0.7349376427191289,41.84,0.46,56.92,0.78
15183,CHITA,Boyacá,4,Perfil quirúrgico con buen registro,266290.0,10284.0,23.56,5.425354857665515,0.4539299381807476,30.84,0.77,67.93,0.46
15185,CHITARAQUE,Boyacá,1,Alta carga NO DEFINIDO,303977.0,10157.0,31.1,5.482840724559519,0.4842183994016453,32.37,0.38,66.84,0.41
15187,CHIVATA,Boyacá,4,Perfil quirúrgico con buen registro,112836.0,7633.0,8.04,5.052447682156154,0.5436188673292317,34.46,0.72,63.38,1.45
15189,CIENEGA,Boyacá,4,Perfil quirúrgico con buen registro,173591.0,10031.0,30.41,5.239527204989901,0.5709026888604354,35.67,0.74,62.47,1.12
15204,COMBITA,Boyacá,4,Perfil quirúrgico con buen registro,496127.0,19376.0,23.0,5.695592862657902,0.4932154291812776,32.35,0.78,65.58,1.29
15212,COPER,Boyacá,1,Alta carga NO DEFINIDO,133775.0,6215.0,43.6,5.126374959646292,0.5446775446775446,35.05,0.33,64.34,0.28
15215,CORRALES,Boyacá,2,Perfil quirúrgico medio,112326.0,7092.0,11.74,5.050480293657662,0.8078626799557033,43.77,0.73,54.17,1.33
15377,LABRANZAGRANDE,Boyacá,2,Perfil quirúrgico medio,133092.0,6832.0,27.86,5.124151951340394,0.5972132209980557,36.86,0.7,61.71,0.73
15380,LA CAPILLA,Boyacá,4,Perfil quirúrgico con buen registro,133634.0,5886.0,29.07,5.12591696812302,0.511040048728491,33.56,0.48,65.66,0.29
15401,LA VICTORIA,Boyacá,4,Perfil quirúrgico con buen registro,42885.0,3278.0,12.31,4.63230541441367,0.5682429226632928,35.93,0.39,63.22,0.46
15403,LA UVITA,Boyacá,1,Alta carga NO DEFINIDO,92244.0,5794.0,57.59,4.964938127116892,0.3904264332109572,27.65,0.95,70.81,0.59
15542,PESCA,Boyacá,2,Perfil quirúrgico medio,280672.0,10093.0,34.35,5.4481990893283125,0.6510495382031907,38.77,0.8,59.54,0.9
15550,PISBA,Boyacá,2,Perfil quirúrgico medio,39927.0,2485.0,12.91,4.601266679781316,0.6239499258771207,37.88,0.69,60.7,0.73
15572,PUERTO BOYACA,Boyacá,5,Alta demanda de urgencias,1865080.0,38458.0,9.75,6.270697464999079,0.5534499514091351,34.17,0.74,61.73,3.36
15580,QUIPAMA,Boyacá,4,Perfil quirúrgico con buen registro,338483.0,11518.0,7.85,5.529536861524585,0.5343653250773993,34.52,0.34,64.59,0.55
15755,SOCOTA,Boyacá,2,Perfil quirúrgico medio,243540.0,11831.0,22.36,5.386570301700929,0.6033975824893826,36.94,0.9,61.21,0.94
15757,SOCHA,Boyacá,1,Alta carga NO DEFINIDO,408691.0,14241.0,38.66,5.611395073989122,0.4992371071101616,32.72,0.69,65.53,1.06
15759,SOGAMOSO,Boyacá,3,Grandes centros urbanos,7209459.0,68127.0,23.83,6.857902676351888,0.7260249554367201,40.73,0.64,56.09,2.54
15761,SOMONDOCO,Boyacá,1,Alta carga NO DEFINIDO,105595.0,5599.0,54.96,5.023643354525264,0.4435860058309037,30.43,0.58,68.59,0.4
15842,UMBITA,Boyacá,1,Alta carga NO DEFINIDO,279218.0,7886.0,43.36,5.445943411976534,0.3620096352374398,26.3,0.57,72.64,0.48
15861,VENTAQUEMADA,Boyacá,4,Perfil quirúrgico con buen registro,479798.0,18564.0,9.35,5.6810584333134,0.5829437369014993,36.16,0.72,62.02,1.1
15879,VIRACACHA,Boyacá,2,Perfil quirúrgico medio,119778.0,9088.0,20.86,5.078377057151801,1.1050139875188294,51.35,0.86,46.46,1.34
15897,ZETAQUIRA,Boyacá,1,Alta carga NO DEFINIDO,246839.0,10178.0,35.43,5.392413778321827,0.5009894961181305,32.91,0.56,65.68,0.85
15218,COVARACHIA,Boyacá,4,Perfil quirúrgico con buen registro,59914.0,3358.0,19.23,4.777528315082558,0.4544383924628293,30.87,0.57,67.92,0.64
15224,CUCAITA,Boyacá,4,Perfil quirúrgico con buen registro,155036.0,7926.0,18.45,5.190432554854152,0.5385216440068761,34.46,0.46,63.98,1.1
15226,CUITIVA,Boyacá,2,Perfil quirúrgico medio,51089.0,3933.0,12.8,4.708327402022012,0.906894519740719,46.17,1.21,50.9,1.71
15232,CHIQUIZA,Boyacá,2,Perfil quirúrgico medio,160802.0,7136.0,26.37,5.206291446051501,0.6401140365587792,38.17,0.69,59.62,1.52
15236,CHIVOR,Boyacá,4,Perfil quirúrgico con buen registro,65279.0,3149.0,15.34,4.814773492899476,0.636903779501568,38.59,0.55,60.58,0.27
15238,DUITAMA,Boyacá,3,Grandes centros urbanos,9258356.0,83680.0,26.77,6.966533876151159,0.642245000840195,38.22,0.48,59.5,1.79
15244,EL COCUY,Boyacá,4,Perfil quirúrgico con buen registro,204491.0,8873.0,12.54,5.310674198718182,0.4819981998199819,32.13,0.61,66.65,0.61
15248,EL ESPINO,Boyacá,4,Perfil quirúrgico con buen registro,122790.0,6019.0,23.38,5.089162999364932,0.4588183291586857,31.14,0.58,67.86,0.42
15272,FIRAVITOBA,Boyacá,2,Perfil quirúrgico medio,268643.0,12619.0,26.43,5.429175528690381,0.6398589657488247,38.11,0.77,59.55,1.58
15276,FLORESTA,Boyacá,4,Perfil quirúrgico con buen registro,170712.0,7813.0,28.2,5.232264050409457,0.6239554317548747,38.08,0.55,61.02,0.35
15293,GACHANTIVA,Boyacá,4,Perfil quirúrgico con buen registro,121942.0,8128.0,11.26,5.086153313712314,0.5997062663185379,36.75,0.68,61.27,1.29
15296,GAMEZA,Boyacá,1,Alta carga NO DEFINIDO,305897.0,10871.0,40.65,5.485575217782866,0.3951247165532879,27.88,0.69,70.55,0.88
15299,GARAGOA,Boyacá,3,Grandes centros urbanos,850033.0,26077.0,22.54,5.929435786231594,0.6702127659574468,39.69,0.63,59.21,0.47
15317,GUACAMAYAS,Boyacá,2,Perfil quirúrgico medio,34731.0,3603.0,11.29,4.540717288010722,1.2836583101207055,55.3,0.91,43.07,0.72
15322,GUATEQUE,Boyacá,2,Perfil quirúrgico medio,629856.0,22124.0,27.01,5.799241270796868,0.72234802299251,41.47,0.61,57.4,0.52
15325,GUAYATA,Boyacá,2,Perfil quirúrgico medio,118350.0,6906.0,29.25,5.073168262265102,0.6650403768506057,39.53,0.63,59.43,0.41
15362,IZA,Boyacá,2,Perfil quirúrgico medio,79170.0,6261.0,33.57,4.898560644939712,0.5857166203628045,35.84,1.3,61.18,1.68
15367,JENESANO,Boyacá,1,Alta carga NO DEFINIDO,382134.0,15338.0,45.18,5.582215680335541,0.5115850851618844,33.34,0.69,65.16,0.81
15368,JERICO,Boyacá,4,Perfil quirúrgico con buen registro,164284.0,7714.0,31.52,5.215595268547204,0.5909675345548056,36.77,0.58,62.21,0.44
15407,VILLA DE LEYVA,Boyacá,3,Grandes centros urbanos,543078.0,24555.0,7.99,5.734862209951301,0.8481886141460611,44.25,0.64,52.16,2.96
15425,MACANAL,Boyacá,2,Perfil quirúrgico medio,144214.0,7337.0,16.95,5.159007422849528,0.6862210095497954,40.24,0.66,58.63,0.47
15442,MARIPI,Boyacá,1,Alta carga NO DEFINIDO,373211.0,12138.0,39.4,5.571954435634211,0.4509775099220932,30.68,0.39,68.02,0.91
15455,MIRAFLORES,Boyacá,4,Perfil quirúrgico con buen registro,373924.0,16324.0,24.46,5.572783340877837,0.4619557028778062,30.66,0.99,66.36,1.99
15464,MONGUA,Boyacá,4,Perfil quirúrgico con buen registro,170695.0,7967.0,26.19,5.2322207999418415,0.3158247353611148,23.57,0.69,74.62,1.13
15466,MONGUI,Boyacá,2,Perfil quirúrgico medio,180058.0,10932.0,37.52,5.255412421895424,0.6355249916135526,37.89,0.92,59.61,1.59
15469,MONIQUIRA,Boyacá,3,Grandes centros urbanos,1465473.0,36113.0,27.21,6.165977821369452,0.6382377389858687,38.39,0.63,60.14,0.84
15476,MOTAVITA,Boyacá,1,Alta carga NO DEFINIDO,471169.0,13542.0,30.72,5.673176708833747,0.4029978586723768,28.23,0.6,70.04,1.14
15480,MUZO,Boyacá,4,Perfil quirúrgico con buen registro,485241.0,14746.0,25.75,5.685957489064863,0.5509404388714734,35.15,0.45,63.79,0.62
15491,NOBSA,Boyacá,2,Perfil quirúrgico medio,434824.0,17135.0,23.77,5.638313506849195,0.7690766709160445,42.23,0.92,54.9,1.95
15494,NUEVO COLON,Boyacá,4,Perfil quirúrgico con buen registro,269409.0,10386.0,21.51,5.430412099868962,0.4921497584541062,32.6,0.46,66.23,0.71
15500,OICATA,Boyacá,2,Perfil quirúrgico medio,108057.0,7542.0,3.77,5.0336529059985535,0.6595238095238096,38.78,0.93,58.79,1.5
15507,OTANCHE,Boyacá,1,Alta carga NO DEFINIDO,275431.0,10809.0,34.49,5.440012818895731,0.4281394009216589,29.73,0.38,69.43,0.45
15511,PACHAVITA,Boyacá,1,Alta carga NO DEFINIDO,90387.0,6687.0,46.18,4.956105972131849,0.5575221238938053,35.28,0.86,63.27,0.59
15514,PAEZ,Boyacá,4,Perfil quirúrgico con buen registro,145949.0,6508.0,16.12,5.164201123675046,0.4853449571621824,32.29,0.53,66.52,0.66
15516,PAIPA,Boyacá,3,Grandes centros urbanos,2065469.0,45560.0,17.07,6.315018681166892,0.6409866531508701,37.94,0.65,59.18,2.23
15518,PAJARITO,Boyacá,2,Perfil quirúrgico medio,73188.0,6466.0,13.89,4.864439879405326,0.6062489775887454,37.06,0.86,61.12,0.96
15522,PANQUEBA,Boyacá,4,Perfil quirúrgico con buen registro,67736.0,4286.0,18.35,4.830819546763598,0.5966806316467935,37.03,0.5,62.05,0.42
15531,PAUNA,Boyacá,2,Perfil quirúrgico medio,244723.0,11604.0,24.57,5.388674787920149,0.8264771877337324,44.2,0.57,53.47,1.75
15533,PAYA,Boyacá,2,Perfil quirúrgico medio,21027.0,1808.0,10.94,4.322777314703207,1.0930232558139537,51.7,0.49,47.29,0.53
15537,PAZ DE RIO,Boyacá,1,Alta carga NO DEFINIDO,130462.0,5308.0,32.67,5.115484032030298,0.3903878583473861,27.78,0.53,71.15,0.54
15599,RAMIRIQUI,Boyacá,1,Alta carga NO DEFINIDO,535363.0,22227.0,34.81,5.72864835293404,0.4994631078386255,32.56,1.18,65.18,1.07
15600,RAQUIRA,Boyacá,1,Alta carga NO DEFINIDO,268322.0,11726.0,39.2,5.428656282388302,0.4550272339172677,30.91,0.37,67.92,0.8
15621,RONDON,Boyacá,4,Perfil quirúrgico con buen registro,106304.0,5570.0,13.56,5.026549606435282,0.559873617693523,35.44,0.52,63.29,0.75
15632,SABOYA,Boyacá,1,Alta carga NO DEFINIDO,725666.0,15442.0,48.41,5.860736775336883,0.3570453304205351,26.15,0.31,73.23,0.31
15638,SACHICA,Boyacá,4,Perfil quirúrgico con buen registro,152635.0,8498.0,12.34,5.183654131023702,0.6185584092792046,37.33,0.5,60.34,1.84
15646,SAMACA,Boyacá,3,Grandes centros urbanos,976623.0,31077.0,10.57,5.989726947938543,1.1003861003861004,51.3,0.55,46.61,1.54
15660,SAN EDUARDO,Boyacá,2,Perfil quirúrgico medio,55928.0,4904.0,15.75,4.747629289120951,0.732521186440678,41.49,0.75,56.63,1.13
15664,SAN JOSE DE PARE,Boyacá,2,Perfil quirúrgico medio,178250.0,10706.0,24.64,5.251029538523903,0.755417406749556,42.53,0.64,56.29,0.54
15667,SAN LUIS DE GACENO,Boyacá,1,Alta carga NO DEFINIDO,284452.0,11033.0,45.37,5.454008991666491,0.3831460674157303,27.28,0.6,71.19,0.92
15673,SAN MATEO,Boyacá,4,Perfil quirúrgico con buen registro,190125.0,10266.0,11.44,5.279039227061054,0.578804347826087,36.21,0.68,62.55,0.56
15676,SAN MIGUEL DE SEMA,Boyacá,1,Alta carga NO DEFINIDO,172737.0,8368.0,45.42,5.237385372742566,0.4899459783913565,32.65,0.34,66.63,0.39
15681,SAN PABLO BORBUR,Boyacá,1,Alta carga NO DEFINIDO,317423.0,9932.0,38.17,5.501638391893276,0.4135723431498079,29.07,0.32,70.28,0.33
15686,SANTANA,Boyacá,1,Alta carga NO DEFINIDO,413669.0,11582.0,38.26,5.616652976459003,0.5342296399320042,34.57,0.37,64.7,0.35
15690,SANTA MARIA,Boyacá,1,Alta carga NO DEFINIDO,126822.0,8141.0,48.01,5.103194597787348,0.4144519465594024,28.85,0.76,69.6,0.78
15693,SAN ROSA VITERBO,Boyacá,4,Perfil quirúrgico con buen registro,403390.0,15574.0,33.21,5.605725127891002,0.5879890516824988,36.52,0.58,62.1,0.8
15696,SANTA SOFIA,Boyacá,4,Perfil quirúrgico con buen registro,119781.0,7732.0,31.79,5.078387934500979,0.5869530114645568,36.35,0.56,61.92,1.18
15720,SATIVANORTE,Boyacá,1,Alta carga NO DEFINIDO,137794.0,6342.0,60.94,5.139230307385668,0.28378728923476,21.88,0.59,77.09,0.44
15723,SATIVASUR,Boyacá,4,Perfil quirúrgico con buen registro,44355.0,3713.0,27.66,4.646942583581799,0.5292388613861386,34.21,0.68,64.63,0.48
15740,SIACHOQUE,Boyacá,2,Perfil quirúrgico medio,250738.0,12849.0,29.19,5.399220157411341,0.5814856772940605,35.93,0.92,61.78,1.38
15753,SOATA,Boyacá,1,Alta carga NO DEFINIDO,471904.0,18171.0,34.62,5.673853658568983,0.470254957507082,31.54,0.68,67.06,0.73
15762,SORA,Boyacá,4,Perfil quirúrgico con buen registro,110198.0,6240.0,25.83,5.042173712511721,0.5279030001554484,33.96,0.55,64.32,1.17
15763,SOTAQUIRA,Boyacá,2,Perfil quirúrgico medio,177493.0,11654.0,19.49,5.249181229947058,0.848699311400153,44.37,1.18,52.27,2.18
15764,SORACA,Boyacá,1,Alta carga NO DEFINIDO,269101.0,7996.0,36.55,5.429915311638429,0.3852551451931209,27.33,0.62,70.93,1.13
15774,SUSACON,Boyacá,4,Perfil quirúrgico con buen registro,72373.0,4156.0,19.84,4.859576575340463,0.5414330218068535,34.76,0.6,64.19,0.46
15776,SUTAMARCHAN,Boyacá,4,Perfil quirúrgico con buen registro,281411.0,10830.0,26.1,5.449341069452428,0.5304226660473756,34.26,0.38,64.58,0.78
15778,SUTATENZA,Boyacá,2,Perfil quirúrgico medio,136604.0,6009.0,29.36,5.135463416420869,0.6981326023642282,40.75,0.58,58.36,0.32
15790,TASCO,Boyacá,2,Perfil quirúrgico medio,160026.0,7224.0,22.54,5.204190549775811,0.6180589883012029,37.51,0.97,60.68,0.83
15798,TENZA,Boyacá,1,Alta carga NO DEFINIDO,139350.0,6929.0,38.59,5.144106973049323,0.5401618929016189,34.7,0.72,64.23,0.36
15804,TIBANA,Boyacá,4,Perfil quirúrgico con buen registro,384814.0,12238.0,27.71,5.585250863813135,0.5011372251705837,33.05,0.47,65.94,0.54
15806,TIBASOSA,Boyacá,1,Alta carga NO DEFINIDO,630718.0,21096.0,43.32,5.799835225458398,0.4403925014645577,30.07,0.66,68.27,1.01
15808,TINJACA,Boyacá,4,Perfil quirúrgico con buen registro,144607.0,8629.0,10.94,5.160189316387225,0.6188450842466874,37.83,0.39,61.12,0.66
15810,TIPACOQUE,Boyacá,4,Perfil quirúrgico con buen registro,140866.0,7677.0,18.43,5.148806182646374,0.4745863765091667,31.84,0.63,67.08,0.45
15814,TOCA,Boyacá,4,Perfil quirúrgico con buen registro,337190.0,13676.0,29.9,5.5278746863286905,0.55747856462369,35.11,0.7,62.97,1.22
15816,TOGUI,Boyacá,2,Perfil quirúrgico medio,222776.0,9629.0,29.59,5.3478684018114215,0.6553861618361534,39.12,0.53,59.68,0.67
15820,TOPAGA,Boyacá,1,Alta carga NO DEFINIDO,147914.0,6512.0,39.02,5.170009281738589,0.3769640852974186,26.87,0.65,71.27,1.21
15822,TOTA,Boyacá,2,Perfil quirúrgico medio,172195.0,8850.0,19.27,5.236020536757963,0.695149318142586,40.27,0.92,57.92,0.89
15832,TUNUNGUA,Boyacá,1,Alta carga NO DEFINIDO,74451.0,3084.0,40.8,4.871870535420166,0.5838370983137131,36.7,0.24,62.85,0.22
15835,TURMEQUE,Boyacá,2,Perfil quirúrgico medio,218234.0,10461.0,29.49,5.338922412897976,0.6773697694278394,39.66,0.64,58.54,1.17
15837,TUTA,Boyacá,4,Perfil quirúrgico con buen registro,488684.0,17285.0,27.9,5.689028120027838,0.5152120467117395,33.53,0.63,65.07,0.76
15839,TUTAZA,Boyacá,2,Perfil quirúrgico medio,58158.0,4175.0,2.9,4.76460946312095,0.7039269720978298,40.87,0.72,58.05,0.36
15180,CHISCAS,Boyacá,4,Perfil quirúrgico con buen registro,142157.0,5398.0,9.18,5.152768249791665,0.3422691578662334,25.28,0.5,73.85,0.37
15223,CUBARA,Boyacá,1,Alta carga NO DEFINIDO,222449.0,7623.0,34.44,5.347230457755638,0.3129577839925422,23.5,0.94,75.08,0.47
15332,GUICAN,Boyacá,4,Perfil quirúrgico con buen registro,171166.0,6136.0,14.85,5.233417501703108,0.420080206244629,29.33,0.45,69.81,0.41
25019,ALBAN,Cundinamarca,1,Alta carga NO DEFINIDO,191643.0,10688.0,33.77,5.282492960731546,0.4073755201607116,28.39,0.84,69.68,1.08
25035,ANAPOIMA,Cundinamarca,1,Alta carga NO DEFINIDO,624886.0,23883.0,35.61,5.795800794805261,0.354820860423295,25.65,0.64,72.28,1.43
25040,ANOLAIMA,Cundinamarca,5,Alta demanda de urgencias,326157.0,19442.0,17.21,5.513426703811289,0.6040268456375839,36.0,1.0,59.59,3.41
25053,ARBELAEZ,Cundinamarca,1,Alta carga NO DEFINIDO,867534.0,19177.0,63.9,5.938286504469286,0.2098099325567136,17.11,0.36,81.54,0.99
25086,BELTRAN,Cundinamarca,1,Alta carga NO DEFINIDO,38537.0,3662.0,54.84,4.585877902998278,0.3431157432803072,25.02,0.95,72.91,1.11
25095,BITUIMA,Cundinamarca,2,Perfil quirúrgico medio,41772.0,4511.0,24.76,4.620885269331914,0.5196355639333962,33.08,1.19,63.65,2.08
25099,BOJACA,Cundinamarca,2,Perfil quirúrgico medio,240823.0,12502.0,9.66,5.381697962220652,0.793178519593614,43.72,0.57,55.11,0.6
25120,CABRERA,Cundinamarca,1,Alta carga NO DEFINIDO,126823.0,6089.0,46.36,5.103198022215048,0.286889527291721,21.97,0.56,76.57,0.9
25123,CACHIPAY,Cundinamarca,1,Alta carga NO DEFINIDO,199302.0,10110.0,34.58,5.299511656877134,0.2976615140705509,22.53,0.8,75.68,1.0
25126,CAJICA,Cundinamarca,3,Grandes centros urbanos,4024932.0,63165.0,19.3,6.604758547492898,0.5684787869011132,35.24,0.9,61.98,1.89
25148,CAPARRAPI,Cundinamarca,1,Alta carga NO DEFINIDO,295019.0,13869.0,63.39,5.4698499865864285,0.3146702557200537,23.38,1.09,74.29,1.24
25151,CAQUEZA,Cundinamarca,1,Alta carga NO DEFINIDO,737633.0,19616.0,33.95,5.867840337814165,0.3952502120441051,27.96,0.89,70.73,0.42
25154,CARMEN DE CARUPA,Cundinamarca,2,Perfil quirúrgico medio,208525.0,12358.0,23.24,5.319158129866988,0.5257097791798108,33.33,1.32,63.39,1.96
25168,CHAGUANI,Cundinamarca,2,Perfil quirúrgico medio,91007.0,8856.0,22.57,4.959074798304103,0.7363344051446945,41.22,1.23,55.97,1.59
25178,CHIPAQUE,Cundinamarca,4,Perfil quirúrgico con buen registro,414036.0,16670.0,19.04,5.617038104216606,0.3956152758132956,27.97,0.95,70.69,0.38
25181,CHOACHI,Cundinamarca,5,Alta demanda de urgencias,350609.0,17007.0,33.66,5.544823060075431,0.4934504546155032,32.02,0.9,64.88,2.2
25183,CHOCONTA,Cundinamarca,5,Alta demanda de urgencias,1062489.0,36366.0,17.21,6.02632444247385,0.6636709298306256,38.4,0.99,57.85,2.76
25200,COGUA,Cundinamarca,2,Perfil quirúrgico medio,516642.0,23768.0,21.02,5.713189708896535,0.7302457132755878,41.31,0.91,56.56,1.21
25214,COTA,Cundinamarca,4,Perfil quirúrgico con buen registro,1015984.0,34594.0,24.44,6.006886868610867,0.5367911263865021,34.36,0.67,64.0,0.97
25224,CUCUNUBA,Cundinamarca,2,Perfil quirúrgico medio,224322.0,12813.0,18.25,5.3508718683670375,0.6234824546815234,37.49,0.79,60.12,1.61
25245,EL COLEGIO,Cundinamarca,5,Alta demanda de urgencias,805183.0,30226.0,28.26,5.90589459696161,0.737874659400545,40.62,0.84,55.04,3.51
25258,EL PEÑON,Cundinamarca,1,Alta carga NO DEFINIDO,704845.0,14489.0,60.15,5.848093623309517,0.370292594148117,26.45,0.2,71.42,1.92
25269,FACATATIVA,Cundinamarca,3,Grandes centros urbanos,7134872.0,78624.0,12.41,6.853386186253424,0.7955669536545156,43.43,0.77,54.58,1.21
25279,FOMEQUE,Cundinamarca,5,Alta demanda de urgencias,464871.0,23864.0,24.75,5.667332454479906,0.6592881175845581,37.23,1.21,56.46,5.09
25281,FOSCA,Cundinamarca,2,Perfil quirúrgico medio,187477.0,12274.0,25.24,5.272947995339585,0.5298295454545454,33.57,1.39,63.35,1.7
25286,FUNZA,Cundinamarca,3,Grandes centros urbanos,5536878.0,73230.0,9.41,6.743264954339003,0.5989583333333333,36.8,0.8,61.43,0.96
25288,FUQUENE,Cundinamarca,5,Alta demanda de urgencias,124531.0,9938.0,23.37,5.095277475552917,0.8430528375733854,43.08,1.3,51.09,4.53
25293,GACHALA,Cundinamarca,1,Alta carga NO DEFINIDO,174374.0,10513.0,51.07,5.2414817300328576,0.3953355272571183,27.63,0.98,69.88,1.51
25295,GACHANCIPA,Cundinamarca,2,Perfil quirúrgico medio,616519.0,31757.0,16.0,5.789946465308077,0.8491141169746619,44.57,0.85,52.48,2.1
25297,GACHETA,Cundinamarca,1,Alta carga NO DEFINIDO,578178.0,21598.0,47.01,5.762061562498292,0.3344307270233195,24.38,0.77,72.89,1.96
25299,GAMA,Cundinamarca,1,Alta carga NO DEFINIDO,110271.0,7028.0,45.43,5.0424613130209766,0.4487542891242727,30.08,0.96,67.02,1.94
25312,GRANADA,Cundinamarca,1,Alta carga NO DEFINIDO,179015.0,9342.0,62.98,5.252889422847454,0.336418072945019,24.72,0.62,73.47,1.19
25317,GUACHETA,Cundinamarca,5,Alta demanda de urgencias,520317.0,23021.0,32.12,5.716268015566574,0.5327220992728423,33.7,0.84,63.25,2.22
25320,GUADUAS,Cundinamarca,2,Perfil quirúrgico medio,629795.0,25322.0,36.2,5.7991992084106725,0.6074797286116168,36.71,1.04,60.42,1.83
25322,GUASCA,Cundinamarca,3,Grandes centros urbanos,808920.0,32362.0,17.77,5.907905573186416,0.7837887740029543,42.45,0.63,54.15,2.77
25324,GUATAQUI,Cundinamarca,2,Perfil quirúrgico medio,74247.0,5217.0,43.55,4.870678910382956,0.7393222732086129,41.89,0.7,56.65,0.76
25326,GUATAVITA,Cundinamarca,5,Alta demanda de urgencias,374475.0,22140.0,14.36,5.57342282944681,0.7266510707216124,40.38,0.78,55.56,3.28
25328,GUAYABAL DE SIQUIMA,Cundinamarca,2,Perfil quirúrgico medio,104095.0,8993.0,11.59,5.01742986952437,0.8740924722965228,45.75,0.99,52.33,0.93
25335,GUAYABETAL,Cundinamarca,4,Perfil quirúrgico con buen registro,162771.0,9044.0,18.0,5.211577031622851,0.4323773475032755,29.7,1.08,68.68,0.54
25339,GUTIERREZ,Cundinamarca,4,Perfil quirúrgico con buen registro,92699.0,5139.0,8.56,4.96707504917336,0.328744939271255,24.36,1.03,74.09,0.52
25368,JERUSALEN,Cundinamarca,2,Perfil quirúrgico medio,55622.0,4722.0,42.06,4.7452466007336005,0.6795090351176271,39.86,0.93,58.65,0.56
25372,JUNIN,Cundinamarca,1,Alta carga NO DEFINIDO,355638.0,14284.0,66.22,5.551008159240235,0.2426423338902454,18.88,0.67,77.8,2.65
25377,LA CALERA,Cundinamarca,5,Alta demanda de urgencias,1022346.0,37626.0,16.88,6.009597902119712,0.6854468385729425,38.81,0.58,56.61,4.0
25386,LA MESA,Cundinamarca,1,Alta carga NO DEFINIDO,2112749.0,40212.0,32.2,6.324847904818564,0.3889676687464548,27.43,0.61,70.51,1.45
25394,LA PALMA,Cundinamarca,5,Alta demanda de urgencias,260155.0,17249.0,17.69,5.415232177153225,0.7062646687127639,39.12,1.38,55.38,4.12
25398,LA PEÑA,Cundinamarca,2,Perfil quirúrgico medio,88836.0,6871.0,40.82,4.9485889954298266,0.6084407971864009,36.33,1.26,59.7,2.71
25402,LA VEGA,Cundinamarca,4,Perfil quirúrgico con buen registro,608057.0,26157.0,14.06,5.783944292472012,0.5160431992487087,32.97,0.97,63.88,2.18
25407,LENGUAZAQUE,Cundinamarca,5,Alta demanda de urgencias,285753.0,18094.0,23.74,5.455990798565505,0.5998316498316499,35.63,1.3,59.39,3.68
25426,MACHETA,Cundinamarca,4,Perfil quirúrgico con buen registro,211413.0,13580.0,11.4,5.325131689001101,0.4683240976486445,31.27,0.92,66.76,1.06
25430,MADRID,Cundinamarca,3,Grandes centros urbanos,5058896.0,64215.0,9.07,6.704055751341681,0.7148335366916507,41.01,0.75,57.36,0.88
25436,MANTA,Cundinamarca,2,Perfil quirúrgico medio,108765.0,10198.0,8.78,5.036489164182994,0.7915591596019168,42.95,1.58,54.25,1.22
25438,MEDINA,Cundinamarca,5,Alta demanda de urgencias,229696.0,14686.0,22.36,5.361153432317127,0.7581465436051987,40.25,1.02,53.08,5.64
25483,NARIÑO,Cundinamarca,1,Alta carga NO DEFINIDO,68632.0,4734.0,51.56,4.836526654818224,0.5389761941807997,34.64,0.61,64.26,0.49
25486,NEMOCON,Cundinamarca,5,Alta demanda de urgencias,517888.0,23315.0,24.92,5.714235848082654,0.6358461273072279,36.86,1.02,57.96,4.16
25488,NILO,Cundinamarca,2,Perfil quirúrgico medio,132599.0,10833.0,25.27,5.122540248834067,0.8429111531190927,44.59,1.19,52.89,1.32
25489,NIMAIMA,Cundinamarca,2,Perfil quirúrgico medio,81005.0,8486.0,21.81,4.908511826352619,0.979375,47.01,1.28,47.99,3.71
25491,NOCAIMA,Cundinamarca,5,Alta demanda de urgencias,86234.0,8361.0,23.94,4.935678531498258,0.5290189219271745,33.27,1.15,62.88,2.69
25506,VENECIA,Cundinamarca,1,Alta carga NO DEFINIDO,237071.0,7602.0,65.54,5.374878431623633,0.1778411792677127,14.96,0.41,84.11,0.52
25513,PACHO,Cundinamarca,1,Alta carga NO DEFINIDO,946429.0,26236.0,30.95,5.976088039256196,0.4272252826906349,29.47,0.81,68.97,0.75
25518,PAIME,Cundinamarca,4,Perfil quirúrgico con buen registro,122311.0,6510.0,16.98,5.087465516925695,0.4422456757549106,30.17,0.99,68.21,0.63
25524,PANDI,Cundinamarca,2,Perfil quirúrgico medio,125153.0,8350.0,33.35,5.097441264394343,0.6262289618396933,37.58,0.8,60.0,1.63
25530,PARATEBUENO,Cundinamarca,5,Alta demanda de urgencias,173088.0,13836.0,26.06,5.238266959761971,0.7002424920723745,37.54,0.97,53.6,7.9
25535,PASCA,Cundinamarca,2,Perfil quirúrgico medio,297731.0,15661.0,31.66,5.473824056104631,0.7095543610195943,40.92,0.9,57.66,0.53
25572,PUERTO SALGAR,Cundinamarca,5,Alta demanda de urgencias,362511.0,21828.0,25.39,5.559321189298241,0.7137924768308196,39.28,1.32,55.02,4.38
25580,PULI,Cundinamarca,2,Perfil quirúrgico medio,44048.0,5561.0,21.42,4.643926194049255,0.6458297357969263,37.4,1.61,57.9,3.09
25592,QUEBRADANEGRA,Cundinamarca,2,Perfil quirúrgico medio,138549.0,10701.0,34.77,5.141603395538321,0.8143803216650899,43.04,0.97,52.84,3.15
25594,QUETAME,Cundinamarca,4,Perfil quirúrgico con buen registro,183721.0,9218.0,15.82,5.264158800632779,0.4377463144066559,29.99,1.1,68.5,0.41
25596,QUIPILE,Cundinamarca,2,Perfil quirúrgico medio,162143.0,12631.0,10.55,5.209898204153026,0.732341340982431,40.85,1.15,55.77,2.24
25599,APULO,Cundinamarca,2,Perfil quirúrgico medio,297526.0,19866.0,14.54,5.473524923554119,0.8199255121042831,44.03,1.14,53.69,1.15
25612,RICAURTE,Cundinamarca,2,Perfil quirúrgico medio,292033.0,18121.0,22.86,5.465431929900896,0.8860393366756654,45.95,1.02,51.85,1.18
25645,SAN ANTONIO DE TEQUENDAMA,Cundinamarca,5,Alta demanda de urgencias,152603.0,12419.0,16.83,5.18356307143432,0.9449371004330792,45.82,1.12,48.48,4.58
25649,SAN BERNARDO,Cundinamarca,1,Alta carga NO DEFINIDO,250419.0,10761.0,37.64,5.3986672769429935,0.3661285833565265,26.31,0.63,71.85,1.22
25653,SAN CAYETANO,Cundinamarca,2,Perfil quirúrgico medio,93806.0,6871.0,35.02,4.972230617521441,0.6888352860096485,39.98,1.16,58.03,0.83
25658,SAN FRANCISCO,Cundinamarca,5,Alta demanda de urgencias,272926.0,19322.0,23.42,5.4360449102344575,0.575531208499336,34.67,0.98,60.23,4.13
25718,SASAIMA,Cundinamarca,5,Alta demanda de urgencias,374164.0,19791.0,33.42,5.573061999750143,0.667941585535466,38.42,0.82,57.51,3.25
25736,SESQUILE,Cundinamarca,5,Alta demanda de urgencias,431062.0,23310.0,24.52,5.634539739583869,0.6376663254861823,37.38,0.93,58.61,3.08
25743,SILVANIA,Cundinamarca,3,Grandes centros urbanos,1079400.0,22254.0,38.24,6.033182413729195,0.8531573986804901,45.26,0.45,53.04,1.25
25745,SIMIJACA,Cundinamarca,5,Alta demanda de urgencias,205331.0,12693.0,29.09,5.312454522252155,0.5388076490438696,33.53,1.05,62.22,3.2
25758,SOPO,Cundinamarca,3,Grandes centros urbanos,1498228.0,45476.0,12.22,6.17557790922936,0.75636826783115,41.57,0.83,54.95,2.65
25769,SUBACHOQUE,Cundinamarca,2,Perfil quirúrgico medio,535412.0,21500.0,15.8,5.728688100648785,0.7340126493323964,41.78,0.62,56.91,0.69
25772,SUESCA,Cundinamarca,2,Perfil quirúrgico medio,235088.0,13326.0,6.22,5.371230461252582,1.5984079055723304,58.23,1.32,36.42,4.02
25777,SUPATA,Cundinamarca,4,Perfil quirúrgico con buen registro,114045.0,6057.0,12.94,5.057076249542435,0.4009105135865698,28.18,0.82,70.28,0.72
25779,SUSA,Cundinamarca,5,Alta demanda de urgencias,102266.0,8384.0,27.05,5.00973126942366,0.5796548290740127,34.93,1.41,60.25,3.41
25781,SUTATAUSA,Cundinamarca,2,Perfil quirúrgico medio,173934.0,12948.0,18.43,5.24038448464266,0.7345069157535478,40.89,0.9,55.66,2.54
25785,TABIO,Cundinamarca,5,Alta demanda de urgencias,621602.0,25776.0,19.87,5.793512403134502,0.6469362957819823,37.27,1.13,57.6,4.01
25793,TAUSA,Cundinamarca,2,Perfil quirúrgico medio,266934.0,14803.0,23.51,5.426403894401799,0.5391331957453565,33.96,0.95,62.98,2.12
25797,TENA,Cundinamarca,2,Perfil quirúrgico medio,254094.0,15704.0,14.14,5.4049944100418825,0.549928560088903,34.64,1.14,62.98,1.24
25799,TENJO,Cundinamarca,5,Alta demanda de urgencias,970273.0,33884.0,19.07,5.986893946340878,0.5697039854473294,34.45,0.79,60.46,4.31
25805,TIBACUY,Cundinamarca,2,Perfil quirúrgico medio,138113.0,9783.0,21.33,5.1402345588287925,0.9311089303238468,47.44,0.86,50.94,0.76
25807,TIBIRITA,Cundinamarca,2,Perfil quirúrgico medio,79905.0,7404.0,21.85,4.902573955840511,0.5947925142392189,36.55,1.06,61.44,0.95
25815,TOCAIMA,Cundinamarca,2,Perfil quirúrgico medio,501318.0,21100.0,24.72,5.700113298389896,0.8845265588914549,45.96,1.2,51.95,0.89
25817,TOCANCIPA,Cundinamarca,3,Grandes centros urbanos,2077164.0,48587.0,14.36,6.317470787090344,0.7692448345218504,42.07,0.84,54.68,2.42
25823,TOPAIPI,Cundinamarca,4,Perfil quirúrgico con buen registro,148887.0,8131.0,26.38,5.17285677918442,0.3921540858235378,27.69,1.11,70.6,0.6
25839,UBALA,Cundinamarca,1,Alta carga NO DEFINIDO,248890.0,14083.0,45.91,5.396007447705162,0.3993337195828504,27.57,1.15,69.03,2.25
25841,UBAQUE,Cundinamarca,5,Alta demanda de urgencias,238905.0,17750.0,32.11,5.3782252391165,0.5783272485894457,34.85,1.23,60.25,3.67
25843,UBATE,Cundinamarca,3,Grandes centros urbanos,2624213.0,55900.0,12.89,6.418999082597819,0.6779455144889814,39.07,0.87,57.62,2.45
25845,UNE,Cundinamarca,2,Perfil quirúrgico medio,269179.0,17123.0,18.83,5.430041175388989,0.7585339561624147,42.22,1.22,55.65,0.92
25851,UTICA,Cundinamarca,2,Perfil quirúrgico medio,109700.0,11717.0,30.22,5.040206627574711,0.818336483931947,43.29,1.29,52.89,2.54
25862,VERGARA,Cundinamarca,5,Alta demanda de urgencias,279473.0,17394.0,39.45,5.446339856882844,0.5563749590298264,33.95,1.08,61.01,3.97
25867,VIANI,Cundinamarca,5,Alta demanda de urgencias,121421.0,9908.0,32.44,5.084293805317473,0.5556990636099451,34.42,0.96,61.93,2.69
25871,VILLAGOMEZ,Cundinamarca,4,Perfil quirúrgico con buen registro,86241.0,5378.0,19.87,4.935713783695678,0.4180068925904652,29.11,0.84,69.63,0.42
25873,VILLAPINZON,Cundinamarca,1,Alta carga NO DEFINIDO,613733.0,25788.0,29.68,5.787979475626432,0.4516465504395768,30.31,0.93,67.1,1.67
25875,VILLETA,Cundinamarca,3,Grandes centros urbanos,1144913.0,37692.0,29.62,6.058772486627483,0.7728944464876794,42.03,0.77,54.37,2.83
25878,VIOTA,Cundinamarca,5,Alta demanda de urgencias,525422.0,21981.0,24.64,5.720508253220837,0.6580218207834019,36.79,0.71,55.9,6.61
25885,YACOPI,Cundinamarca,5,Alta demanda de urgencias,266196.0,18228.0,17.48,5.425201525252183,0.6257953568357696,36.39,1.64,58.14,3.82
25898,ZIPACON,Cundinamarca,1,Alta carga NO DEFINIDO,122307.0,8099.0,46.8,5.087451313736005,0.3986928104575162,28.06,0.69,70.37,0.87
25899,ZIPAQUIRA,Cundinamarca,3,Grandes centros urbanos,5594854.0,69219.0,12.8,6.747788757920372,0.8046701260192736,43.42,0.76,53.95,1.87
25001,AGUA DE DIOS,Cundinamarca,3,Grandes centros urbanos,1553914.0,44468.0,22.91,6.191426979484872,0.5577657542966263,35.05,0.83,62.83,1.3
54001,CUCUTA,Norte de Santander,3,Grandes centros urbanos,35447860.0,122150.0,14.8,7.549590021797096,0.6330887258172114,37.96,0.54,59.95,1.55
54003,ABREGO,Norte de Santander,4,Perfil quirúrgico con buen registro,1197475.0,28557.0,6.35,6.078266455301312,0.463547815820543,31.41,0.55,67.75,0.29
54051,ARBOLEDAS,Norte de Santander,4,Perfil quirúrgico con buen registro,168289.0,5720.0,11.58,5.226055729787905,0.3741195967407816,27.09,0.3,72.4,0.21
54099,BOCHALEMA,Norte de Santander,4,Perfil quirúrgico con buen registro,150430.0,8498.0,9.08,5.1773344555057,0.5012943505405817,32.92,0.43,65.66,0.99
54109,BUCARASICA,Norte de Santander,4,Perfil quirúrgico con buen registro,79265.0,5286.0,26.59,4.899081463959821,0.4586277974087161,31.15,0.44,67.91,0.5
54125,CACOTA,Norte de Santander,4,Perfil quirúrgico con buen registro,102604.0,7011.0,7.35,5.011164292004505,0.4953934450989276,32.8,0.54,66.2,0.46
54128,CACHIRA,Norte de Santander,1,Alta carga NO DEFINIDO,428162.0,12866.0,60.96,5.631608120402063,0.4093426096833735,28.83,0.52,70.42,0.23
54172,CHINACOTA,Norte de Santander,4,Perfil quirúrgico con buen registro,645371.0,21489.0,13.38,5.809809446312786,0.511328842620943,33.4,0.37,65.31,0.91
54223,CUCUTILLA,Norte de Santander,4,Perfil quirúrgico con buen registro,127638.0,5873.0,27.24,5.105979990477843,0.3767028078954684,27.1,0.43,71.93,0.54
54239,DURANIA,Norte de Santander,1,Alta carga NO DEFINIDO,97716.0,5360.0,37.38,4.989965680840462,0.3796671794154663,27.15,0.49,71.5,0.85
54261,EL ZULIA,Norte de Santander,2,Perfil quirúrgico medio,443113.0,16419.0,12.62,5.646514491501812,0.7638091822094693,42.59,0.6,55.75,1.06
54313,GRAMALOTE,Norte de Santander,4,Perfil quirúrgico con buen registro,158320.0,5970.0,19.27,5.19953578119834,0.3169956285600741,23.93,0.29,75.48,0.29
54344,HACARI,Norte de Santander,4,Perfil quirúrgico con buen registro,165978.0,8249.0,2.74,5.220050527125682,0.4324520627542126,29.77,0.88,68.83,0.52
54347,HERRAN,Norte de Santander,4,Perfil quirúrgico con buen registro,78861.0,5122.0,11.68,4.896862279860313,0.5173680183626626,33.81,0.38,65.34,0.48
54377,LABATECA,Norte de Santander,4,Perfil quirúrgico con buen registro,185569.0,10548.0,9.16,5.268505427414041,0.5431088735053494,34.52,0.63,63.55,1.29
54385,LA ESPERANZA,Norte de Santander,4,Perfil quirúrgico con buen registro,309892.0,13814.0,16.78,5.491210364878519,0.420870567886999,29.2,0.59,69.37,0.84
54398,LA PLAYA,Norte de Santander,4,Perfil quirúrgico con buen registro,314934.0,13959.0,2.63,5.498219549221152,0.4570075477282817,30.88,0.59,67.56,0.96
54405,LOS PATIOS,Norte de Santander,3,Grandes centros urbanos,2927056.0,49770.0,18.48,6.466431031370703,0.5706097755134534,35.84,0.56,62.8,0.8
54418,LOURDES,Norte de Santander,4,Perfil quirúrgico con buen registro,124738.0,5217.0,15.52,5.095998776464135,0.330829085055004,24.66,0.27,74.53,0.53
54480,MUTISCUA,Norte de Santander,4,Perfil quirúrgico con buen registro,114030.0,7145.0,25.38,5.057019124322766,0.4168457241082939,29.1,0.57,69.8,0.54
54498,OCAÑA,Norte de Santander,3,Grandes centros urbanos,5334040.0,65968.0,12.11,6.72705626814316,0.5559402045633359,35.33,0.57,63.54,0.56
54518,PAMPLONA,Norte de Santander,3,Grandes centros urbanos,2949224.0,55854.0,9.93,6.469707759418351,0.7669145655722838,42.28,0.52,55.12,2.09
54520,PAMPLONITA,Norte de Santander,4,Perfil quirúrgico con buen registro,129063.0,8988.0,6.35,5.1108017558300185,0.573731248005107,35.95,0.71,62.65,0.69
54553,PUERTO SANTANDER,Norte de Santander,4,Perfil quirúrgico con buen registro,179311.0,11169.0,19.09,5.253606932578166,0.5132962275819418,33.2,0.85,64.67,1.28
54599,RAGONVALIA,Norte de Santander,4,Perfil quirúrgico con buen registro,171945.0,8415.0,4.92,5.2353895514637525,0.4967439042859305,32.8,0.35,66.02,0.83
54660,SALAZAR,Norte de Santander,4,Perfil quirúrgico con buen registro,166472.0,7782.0,9.85,5.221341197193143,0.3505253104106972,25.69,0.44,73.28,0.58
54670,SAN CALIXTO,Norte de Santander,4,Perfil quirúrgico con buen registro,185481.0,7291.0,19.68,5.268299428680049,0.4174410293066475,29.2,0.56,69.94,0.3
54673,SAN CAYETANO,Norte de Santander,4,Perfil quirúrgico con buen registro,128459.0,9782.0,12.36,5.1087645368889465,0.5406210790464241,34.47,0.64,63.75,1.13
54680,SANTIAGO,Norte de Santander,4,Perfil quirúrgico con buen registro,105352.0,6660.0,11.12,5.022642784659061,0.5143251110770645,33.57,0.38,65.26,0.79
54720,SARDINATA,Norte de Santander,4,Perfil quirúrgico con buen registro,656317.0,21807.0,20.8,5.81711365354928,0.4840257987100645,32.27,0.49,66.66,0.58
54743,SILOS,Norte de Santander,4,Perfil quirúrgico con buen registro,110964.0,7549.0,5.07,5.045182103676409,0.5867052023121387,36.54,0.73,62.27,0.46
54871,VILLA CARO,Norte de Santander,4,Perfil quirúrgico con buen registro,165454.0,7768.0,16.73,5.21867727108444,0.4345753899480069,30.09,0.27,69.23,0.41
54874,VILLA DEL ROSARIO,Norte de Santander,3,Grandes centros urbanos,3190539.0,53799.0,14.94,6.503864057650238,0.6231073074391047,37.86,0.6,60.75,0.8
54174,CHITAGA,Norte de Santander,4,Perfil quirúrgico con buen registro,206155.0,12986.0,3.05,5.314193872467847,0.5595771941063421,34.94,0.91,62.43,1.72
54206,CONVENCION,Norte de Santander,4,Perfil quirúrgico con buen registro,273523.0,11807.0,17.87,5.436993851156119,0.520670047641002,33.88,0.72,65.06,0.35
54245,EL CARMEN,Norte de Santander,4,Perfil quirúrgico con buen registro,353024.0,12517.0,23.89,5.547804231487699,0.3440086850318903,25.35,0.66,73.68,0.32
54800,TEORAMA,Norte de Santander,4,Perfil quirúrgico con buen registro,269026.0,10253.0,20.78,5.429794254392264,0.4527582159624412,30.86,0.65,68.15,0.34
54810,TIBU,Norte de Santander,3,Grandes centros urbanos,1701987.0,38678.0,14.7,6.230956238563008,0.5867994218724908,36.54,0.5,62.26,0.69
54820,TOLEDO,Norte de Santander,4,Perfil quirúrgico con buen registro,641748.0,21054.0,13.14,5.807364523872009,0.4996203492786635,32.9,0.47,65.84,0.8
54250,EL TARRA,Norte de Santander,4,Perfil quirúrgico con buen registro,217418.0,9789.0,13.77,5.337295496406526,0.3649493125954728,26.28,0.89,72.0,0.83
11001,BOGOTA,"Bogotá, D.C.",3,Grandes centros urbanos,487962479.0,272316.0,26.11,8.688386428990963,0.628143213988343,37.72,0.8,60.04,1.44
50001,VILLAVICENCIO,Meta,3,Grandes centros urbanos,28273938.0,131040.0,21.79,7.451386301328646,0.7924423963133641,42.99,0.65,54.24,2.11
50006,ACACIAS,Meta,3,Grandes centros urbanos,4264145.0,57908.0,25.34,6.629831964224235,0.5845127704571336,35.93,0.49,61.46,2.13
50110,BARRANCA DE UPIA,Meta,1,Alta carga NO DEFINIDO,159346.0,9521.0,44.84,5.202341166022922,0.4859431680773881,32.15,0.74,66.15,0.96
50124,CABUYARO,Meta,2,Perfil quirúrgico medio,64741.0,6355.0,17.85,4.81117940330146,1.1864139020537126,52.57,1.21,44.3,1.92
50150,CASTILLA LA NUEVA,Meta,5,Alta demanda de urgencias,254321.0,12783.0,37.58,5.40538222257276,0.5008544352959453,32.24,1.22,64.36,2.17
50223,SAN LUIS DE CUBARRAL,Meta,4,Perfil quirúrgico con buen registro,152812.0,7922.0,27.87,5.18415745979695,0.5386188453673116,34.24,0.75,63.56,1.46
50226,CUMARAL,Meta,3,Grandes centros urbanos,1088689.0,27045.0,22.95,6.036903834876281,0.672847907451514,39.55,0.46,58.77,1.21
50245,EL CALVARIO,Meta,4,Perfil quirúrgico con buen registro,35799.0,2308.0,11.8,4.553870895343662,0.4673668417104275,31.15,0.92,66.64,1.3
50251,EL CASTILLO,Meta,1,Alta carga NO DEFINIDO,175141.0,7120.0,49.33,5.243387825063573,0.3169267707082833,23.76,0.8,74.96,0.48
50270,EL DORADO,Meta,2,Perfil quirúrgico medio,104198.0,6191.0,32.85,5.017859383096906,0.6220252749056294,37.9,0.64,60.92,0.54
50287,FUENTE DE ORO,Meta,4,Perfil quirúrgico con buen registro,450011.0,16950.0,24.39,5.653223129732929,0.4022481502561184,28.27,0.96,70.27,0.5
50313,GRANADA,Meta,3,Grandes centros urbanos,2060528.0,38995.0,15.51,6.313978520419875,0.7134275618374558,40.38,0.93,56.59,2.1
50318,GUAMAL,Meta,2,Perfil quirúrgico medio,289761.0,15819.0,27.77,5.462039931774968,0.5823662153449388,36.13,0.95,62.03,0.9
50330,MESETAS,Meta,4,Perfil quirúrgico con buen registro,312207.0,11226.0,17.28,5.494442636161672,0.3763832469533548,26.87,1.05,71.38,0.7
50370,LA URIBE,Meta,1,Alta carga NO DEFINIDO,131391.0,5590.0,52.35,5.11856561800762,0.3713291579679888,26.68,0.96,71.84,0.52
50400,LEJANIAS,Meta,1,Alta carga NO DEFINIDO,236489.0,9759.0,57.26,5.37381094486071,0.3790018174192646,27.11,0.78,71.52,0.59
50450,PUERTO CONCORDIA,Meta,1,Alta carga NO DEFINIDO,156653.0,6621.0,31.94,5.194938716300202,0.4210755813953487,28.97,1.09,68.79,1.15
50573,PUERTO LOPEZ,Meta,1,Alta carga NO DEFINIDO,931885.0,20423.0,34.05,5.969362321209161,0.5169712793733681,33.66,0.68,65.1,0.56
50577,PUERTO LLERAS,Meta,1,Alta carga NO DEFINIDO,150855.0,7741.0,46.42,5.178559709184014,0.4682575416479063,31.2,0.96,66.62,1.22
50590,PUERTO RICO,Meta,1,Alta carga NO DEFINIDO,238830.0,9177.0,35.01,5.378088878638787,0.3878787878787879,27.52,0.78,70.94,0.77
50606,RESTREPO,Meta,1,Alta carga NO DEFINIDO,584155.0,17313.0,38.97,5.766528098333496,0.5940418679549114,36.89,0.34,62.09,0.68
50680,SAN CARLOS GUAROA,Meta,4,Perfil quirúrgico con buen registro,179591.0,11408.0,27.42,5.254284568699469,0.5633487777600256,35.26,0.7,62.58,1.46
50683,SAN JUAN DE ARAMA,Meta,1,Alta carga NO DEFINIDO,147442.0,7113.0,45.55,5.168621213306193,0.4514749262536872,30.61,0.72,67.79,0.88
50686,SAN JUANITO,Meta,2,Perfil quirúrgico medio,32142.0,2898.0,36.85,4.507072896756503,0.6447655856158628,38.37,0.7,59.5,1.43
50689,SAN MARTIN,Meta,3,Grandes centros urbanos,975218.0,27124.0,23.28,5.9891017086363,0.6388054721388055,38.29,0.82,59.93,0.95
50711,VISTA HERMOSA,Meta,1,Alta carga NO DEFINIDO,347663.0,13482.0,47.08,5.541158473395754,0.3790390559145827,26.98,1.14,71.17,0.71
50350,LA MACARENA,Meta,1,Alta carga NO DEFINIDO,194811.0,7603.0,46.49,5.289613475665928,0.4034487672794641,28.31,0.88,70.16,0.65
50325,MAPIRIPAN,Meta,1,Alta carga NO DEFINIDO,114522.0,7058.0,46.25,5.0588889238883255,0.4332156516622535,29.45,1.54,67.97,1.05
50568,PUERTO GAITAN,Meta,3,Grandes centros urbanos,858235.0,23573.0,15.1,5.933606221682225,0.7713304410701374,42.67,0.8,55.31,1.22
41001,NEIVA,Huila,3,Grandes centros urbanos,25900022.0,129164.0,14.31,7.413300132979883,0.6607508532423207,38.72,1.13,58.59,1.56
41306,GIGANTE,Huila,1,Alta carga NO DEFINIDO,1400047.0,28322.0,36.52,6.146142615319688,0.393214134872589,27.93,0.66,71.02,0.39
41319,GUADALUPE,Huila,4,Perfil quirúrgico con buen registro,980010.0,24601.0,23.84,5.991230507246231,0.5171402100061766,33.49,0.86,64.75,0.9
41349,HOBO,Huila,1,Alta carga NO DEFINIDO,460483.0,15328.0,52.7,5.663213601650191,0.3974486180014173,28.04,0.97,70.54,0.45
41357,IQUIRA,Huila,1,Alta carga NO DEFINIDO,440554.0,17537.0,46.16,5.643999148763231,0.4797125318161401,32.04,0.73,66.78,0.45
41359,ISNOS,Huila,4,Perfil quirúrgico con buen registro,1479998.0,33426.0,8.47,6.170261128510126,0.4148765161478883,28.39,1.45,68.42,1.74
41378,LA ARGENTINA,Huila,1,Alta carga NO DEFINIDO,807330.0,24339.0,30.63,5.907051090960293,0.4818590704647676,32.14,0.79,66.69,0.38
41396,LA PLATA,Huila,1,Alta carga NO DEFINIDO,3238341.0,48771.0,29.59,6.510322578395373,0.5018264840182648,32.97,0.82,65.69,0.52
41483,NATAGA,Huila,4,Perfil quirúrgico con buen registro,309803.0,13848.0,16.93,5.491085618965916,0.5158572085184617,33.67,0.75,65.26,0.32
41503,OPORAPA,Huila,4,Perfil quirúrgico con buen registro,400520.0,11282.0,23.07,5.602624207493338,0.5327146171693735,34.44,0.53,64.64,0.39
41518,PAICOL,Huila,2,Perfil quirúrgico medio,168805.0,9579.0,37.89,5.227385306272159,0.6196742885342984,37.67,1.0,60.78,0.55
41524,PALERMO,Huila,1,Alta carga NO DEFINIDO,1757481.0,35394.0,38.54,6.244890638591002,0.3673074263587332,26.56,0.59,72.3,0.55
41530,PALESTINA,Huila,1,Alta carga NO DEFINIDO,665514.0,19519.0,27.13,5.823157195887019,0.3765614035087719,26.83,0.81,71.24,1.12
41548,PITAL,Huila,1,Alta carga NO DEFINIDO,655985.0,18594.0,41.02,5.816893908748056,0.4509400705052879,30.7,0.93,68.07,0.3
41551,PITALITO,Huila,5,Alta demanda de urgencias,7684775.0,72152.0,29.44,6.885631156456594,0.5162306965017334,32.76,1.8,63.45,1.99
41615,RIVERA,Huila,4,Perfil quirúrgico con buen registro,1239944.0,34013.0,24.62,6.093402071420158,0.4248413156376225,29.45,0.69,69.31,0.55
41660,SALADOBLANCO,Huila,1,Alta carga NO DEFINIDO,722135.0,21677.0,32.94,5.858618394625632,0.3936170212765957,27.75,0.9,70.49,0.86
41668,SAN AGUSTIN,Huila,4,Perfil quirúrgico con buen registro,2685884.0,36118.0,20.9,6.429087252097488,0.4061612720045428,28.61,0.52,70.43,0.45
41676,SANTA MARIA,Huila,4,Perfil quirúrgico con buen registro,582537.0,20651.0,20.37,5.765323514909231,0.3721606648199446,26.87,0.58,72.19,0.36
41770,SUAZA,Huila,4,Perfil quirúrgico con buen registro,1260248.0,29813.0,10.62,6.100456016890071,0.4285299666231316,29.53,0.8,68.9,0.77
41791,TARQUI,Huila,4,Perfil quirúrgico con buen registro,1076420.0,25834.0,19.85,6.031981758405118,0.4028952271750035,28.11,0.94,69.76,1.19
41797,TESALIA,Huila,1,Alta carga NO DEFINIDO,733355.0,18839.0,21.26,5.8653142573408665,0.2581956797966963,20.32,0.55,78.69,0.44
41799,TELLO,Huila,4,Perfil quirúrgico con buen registro,691271.0,22082.0,13.14,5.839648337868759,0.5143338954468802,33.55,0.58,65.22,0.65
41801,TERUEL,Huila,1,Alta carga NO DEFINIDO,393570.0,14696.0,40.24,5.5950219867841815,0.4571726500819305,30.69,1.32,67.12,0.87
41807,TIMANA,Huila,5,Alta demanda de urgencias,714689.0,19046.0,23.15,5.854117097791576,0.5170940170940171,32.67,1.13,63.17,3.02
41872,VILLAVIEJA,Huila,1,Alta carga NO DEFINIDO,341415.0,14208.0,33.29,5.533282597839411,0.449150058616647,30.65,0.65,68.23,0.48
41885,YAGUARA,Huila,1,Alta carga NO DEFINIDO,339054.0,14526.0,46.91,5.530268872345768,0.389579214911042,27.59,0.57,70.81,1.03
41298,GARZON,Huila,3,Grandes centros urbanos,4610665.0,56366.0,26.47,6.663763568557135,0.5561531161024992,35.16,1.02,63.21,0.61
41244,ELIAS,Huila,4,Perfil quirúrgico con buen registro,327397.0,15185.0,20.85,5.515074695572517,0.5072730056652887,33.13,0.76,65.3,0.82
41206,COLOMBIA,Huila,4,Perfil quirúrgico con buen registro,344388.0,16780.0,14.57,5.537048010306071,0.5166436570026076,33.68,0.69,65.18,0.45
41132,CAMPOALEGRE,Huila,3,Grandes centros urbanos,2788573.0,47891.0,17.55,6.445382018051967,0.6350231941683234,38.33,0.62,60.35,0.7
41078,BARAYA,Huila,4,Perfil quirúrgico con buen registro,492474.0,21037.0,11.49,5.692383307007044,0.4844243792325056,32.19,0.76,66.44,0.6
41026,ALTAMIRA,Huila,4,Perfil quirúrgico con buen registro,164004.0,10785.0,22.85,5.214854440466862,0.5391849529780565,34.4,0.95,63.79,0.86
41020,ALGECIRAS,Huila,4,Perfil quirúrgico con buen registro,1391106.0,28550.0,14.41,6.143360223781502,0.3840245775729646,27.5,0.6,71.6,0.3
41016,AIPE,Huila,4,Perfil quirúrgico con buen registro,674351.0,20234.0,26.8,5.828886005859363,0.5763744189774003,35.96,0.82,62.38,0.83
41013,AGRADO,Huila,1,Alta carga NO DEFINIDO,405219.0,12719.0,47.72,5.60768980046342,0.5571949865143582,35.12,0.71,63.02,1.15
41006,ACEVEDO,Huila,4,Perfil quirúrgico con buen registro,931180.0,25077.0,18.87,5.969033639575019,0.4917958067456699,32.37,0.94,65.81,0.89
68013,AGUADA,Santander,2,Perfil quirúrgico medio,41722.0,4735.0,33.64,4.620365118741669,0.77637054459924,42.91,0.75,55.26,1.08
68020,ALBANIA,Santander,4,Perfil quirúrgico con buen registro,110054.0,5753.0,3.24,5.0416058319539525,0.5603925914199779,35.4,0.41,63.16,1.03
68051,ARATOCA,Santander,4,Perfil quirúrgico con buen registro,334973.0,15360.0,24.68,5.525009802787367,0.5957725708667868,36.36,0.62,61.02,2.0
68077,BARBOSA,Santander,3,Grandes centros urbanos,1265619.0,34008.0,27.47,6.102302986012338,0.700086430423509,40.5,0.68,57.84,0.97
68079,BARICHARA,Santander,4,Perfil quirúrgico con buen registro,235173.0,12355.0,20.78,5.3713874593084014,0.5687660668380463,35.4,0.61,62.23,1.77
68081,BARRANCABERMEJA,Santander,3,Grandes centros urbanos,10723017.0,85298.0,19.42,7.030316994508621,0.8741555684230844,45.29,0.73,51.8,2.18
68092,BETULIA,Santander,2,Perfil quirúrgico medio,127580.0,8552.0,19.09,5.105782597814442,0.7186955005231951,41.21,0.74,57.33,0.73
68121,CABRERA,Santander,4,Perfil quirúrgico con buen registro,105471.0,9713.0,9.93,5.02313306369726,0.5879772542648254,36.19,0.4,61.54,1.86
68132,CALIFORNIA,Santander,2,Perfil quirúrgico medio,29589.0,3774.0,27.11,4.471130287843276,0.540859707132735,34.35,1.0,63.5,1.15
68147,CAPITANEJO,Santander,4,Perfil quirúrgico con buen registro,417402.0,14146.0,25.82,5.620554525675489,0.3554241715935652,25.85,0.42,72.72,1.01
68152,CARCASI,Santander,4,Perfil quirúrgico con buen registro,145307.0,8171.0,12.49,5.16228653644631,0.6271409749670619,38.08,0.61,60.71,0.6
68160,CEPITA,Santander,4,Perfil quirúrgico con buen registro,32572.0,3254.0,14.82,4.512844426120799,0.5150625675884444,33.34,0.78,64.72,1.16
68162,CERRITO,Santander,2,Perfil quirúrgico medio,176903.0,12110.0,12.89,5.24773519793176,0.7074699634337455,40.63,0.92,57.42,1.04
68167,CHARALA,Santander,2,Perfil quirúrgico medio,316640.0,12459.0,25.76,5.500565776862321,0.7611459265890779,42.51,0.63,55.84,1.01
68169,CHARTA,Santander,4,Perfil quirúrgico con buen registro,56793.0,3884.0,20.08,4.754294810205447,0.5206611570247934,34.02,0.44,65.33,0.21
68176,CHIMA,Santander,4,Perfil quirúrgico con buen registro,75107.0,5367.0,8.01,4.8756804152958,0.6309681697612732,38.06,0.68,60.31,0.95
68179,CHIPATA,Santander,2,Perfil quirúrgico medio,148076.0,7923.0,28.28,5.170484674238968,0.7225524475524476,41.33,0.58,57.19,0.9
68190,CIMITARRA,Santander,3,Grandes centros urbanos,875491.0,21696.0,5.41,5.942251685918691,0.6556901552636069,38.43,0.5,58.6,2.47
68207,CONCEPCION,Santander,4,Perfil quirúrgico con buen registro,253288.0,10139.0,20.21,5.403614614752119,0.6225241447045343,38.03,0.55,61.08,0.34
68209,CONFINES,Santander,4,Perfil quirúrgico con buen registro,68188.0,6265.0,28.44,4.833707952481562,0.5511786109792755,34.84,0.76,63.2,1.2
68615,RIONEGRO,Santander,4,Perfil quirúrgico con buen registro,625428.0,23529.0,27.87,5.796177320420323,0.4761976726613269,31.51,0.59,66.16,1.74
68655,SABANA DE TORRES,Santander,3,Grandes centros urbanos,1082703.0,29349.0,35.19,6.034509340142651,0.7300333508864315,41.59,0.73,56.96,0.72
68669,SAN ANDRES,Santander,2,Perfil quirúrgico medio,324070.0,12157.0,31.81,5.5106388291269495,0.6321858013506836,38.38,0.64,60.7,0.28
68673,SAN BENITO,Santander,2,Perfil quirúrgico medio,91162.0,6528.0,17.03,4.959813844584641,0.7094700260642919,40.83,0.58,57.54,1.05
68679,SAN GIL,Santander,3,Grandes centros urbanos,3700784.0,57862.0,20.1,6.568293737798266,0.7832466567607728,42.17,0.64,53.83,3.36
68682,SAN JOAQUIN,Santander,1,Alta carga NO DEFINIDO,356102.0,12084.0,44.61,5.551574412838884,0.5904349221633767,36.79,0.23,62.3,0.69
68684,SAN JOSE DE MIRANDA,Santander,2,Perfil quirúrgico medio,210340.0,11356.0,31.56,5.32292186958309,0.6822207084468666,40.06,0.73,58.71,0.5
68686,SAN MIGUEL,Santander,1,Alta carga NO DEFINIDO,244918.0,11152.0,39.91,5.389020704330124,0.472504482964734,31.62,0.34,66.91,1.14
68689,SAN VICENTE DE CHUCURI,Santander,3,Grandes centros urbanos,1010583.0,28702.0,18.5,6.004571988273585,0.5879486763033945,36.2,0.55,61.56,1.7
68705,SANTA BARBARA,Santander,4,Perfil quirúrgico con buen registro,40466.0,3573.0,33.23,4.607090277191581,0.4621347644603458,31.0,0.84,67.07,1.09
68720,SANTA HELENA DEL OPON,Santander,4,Perfil quirúrgico con buen registro,115129.0,5028.0,18.53,5.061184732436169,0.6613881401617251,39.26,0.43,59.35,0.96
68745,SIMACOTA,Santander,4,Perfil quirúrgico con buen registro,188782.0,9426.0,21.82,5.275960582793911,0.563391442155309,35.55,0.51,63.09,0.85
68755,SOCORRO,Santander,3,Grandes centros urbanos,1572404.0,32059.0,27.78,6.196564139940546,0.6458367957453881,38.86,0.5,60.16,0.48
68770,SUAITA,Santander,2,Perfil quirúrgico medio,299947.0,14378.0,27.08,5.477044522582988,0.7297581493165091,41.64,0.65,57.05,0.66
68773,SUCRE,Santander,4,Perfil quirúrgico con buen registro,152327.0,7635.0,7.98,5.182776888967927,0.6063120221246137,37.27,0.71,61.46,0.55
68780,SURATA,Santander,4,Perfil quirúrgico con buen registro,118378.0,7161.0,6.12,5.073270998279008,0.6138743455497383,37.52,0.61,61.11,0.77
68820,TONA,Santander,4,Perfil quirúrgico con buen registro,197510.0,10290.0,17.61,5.29558908899982,0.5073372057474778,33.19,0.69,65.41,0.7
68855,VALLE DE SAN JOSE,Santander,5,Alta demanda de urgencias,191121.0,13562.0,15.55,5.281308409101311,0.5935026385224275,35.99,0.66,60.63,2.72
68861,VELEZ,Santander,1,Alta carga NO DEFINIDO,814202.0,23702.0,40.79,5.910732164842567,0.6028933680104032,37.09,0.63,61.51,0.77
68867,VETAS,Santander,4,Perfil quirúrgico con buen registro,40456.0,3957.0,25.88,4.606982940624488,0.5054091116867285,33.17,0.64,65.62,0.57
68872,VILLANUEVA,Santander,4,Perfil quirúrgico con buen registro,359142.0,17003.0,15.29,5.555266196832102,0.6004914004914005,36.66,0.63,61.04,1.68
68895,ZAPATOCA,Santander,2,Perfil quirúrgico medio,308990.0,17352.0,17.8,5.489944424359803,0.6576714188730483,38.75,0.64,58.91,1.7
68370,JORDAN,Santander,4,Perfil quirúrgico con buen registro,64372.0,4611.0,26.15,4.808697002611498,0.533249882647473,34.08,0.5,63.9,1.52
68377,LA BELLEZA,Santander,2,Perfil quirúrgico medio,170616.0,8827.0,13.33,5.232019755939843,0.5987926252243433,36.7,0.9,61.28,1.12
68385,LANDAZURI,Santander,2,Perfil quirúrgico medio,265126.0,14800.0,26.27,5.423452319595954,0.5952224052718288,36.13,0.97,60.69,2.21
68397,LA PAZ,Santander,2,Perfil quirúrgico medio,102679.0,6583.0,25.06,5.01148163038705,0.954563492063492,48.11,0.68,50.39,0.82
68406,LEBRIJA,Santander,3,Grandes centros urbanos,1672004.0,38590.0,15.8,6.223237312083769,0.7598418119719577,42.27,0.61,55.62,1.5
68418,LOS SANTOS,Santander,4,Perfil quirúrgico con buen registro,341407.0,15497.0,20.75,5.533272421378033,0.4869022235759974,31.97,0.61,65.65,1.76
68425,MACARAVITA,Santander,1,Alta carga NO DEFINIDO,98372.0,5350.0,33.75,4.992871501114901,0.3730092204526404,26.7,0.54,71.57,1.18
68432,MALAGA,Santander,3,Grandes centros urbanos,1110124.0,26018.0,31.94,6.045371491856929,0.6989708404802745,40.75,0.56,58.29,0.4
68444,MATANZA,Santander,4,Perfil quirúrgico con buen registro,137276.0,6665.0,18.21,5.137594616052149,0.4767389678384442,31.87,0.49,66.84,0.8
68464,MOGOTES,Santander,1,Alta carga NO DEFINIDO,278696.0,10842.0,42.08,5.44513073552208,0.4883191747572815,32.19,0.63,65.91,1.27
68468,MOLAGAVITA,Santander,4,Perfil quirúrgico con buen registro,126741.0,5181.0,18.51,5.102917129432495,0.4992426537412904,32.96,0.57,66.01,0.46
68498,OCAMONTE,Santander,4,Perfil quirúrgico con buen registro,198390.0,8808.0,23.07,5.297519777423644,0.5656180489354942,35.6,0.39,62.93,1.08
68500,OIBA,Santander,4,Perfil quirúrgico con buen registro,353079.0,14211.0,21.45,5.547871887896334,0.5406036092097075,34.75,0.63,64.27,0.35
68502,ONZAGA,Santander,2,Perfil quirúrgico medio,105798.0,6294.0,40.58,5.024477457896014,0.6518307020490427,38.81,0.88,59.53,0.79
68522,PALMAR,Santander,2,Perfil quirúrgico medio,29934.0,3433.0,19.13,4.476164754322825,0.6650855497204811,39.26,0.7,59.02,1.02
68524,PALMAS DEL SOCORRO,Santander,2,Perfil quirúrgico medio,75177.0,5235.0,25.53,4.876084990845182,0.6706061117676854,39.72,0.71,59.22,0.35
68533,PARAMO,Santander,2,Perfil quirúrgico medio,131157.0,9026.0,28.94,5.117791474341135,0.7662456525718471,41.86,0.56,54.62,2.97
68549,PINCHOTE,Santander,2,Perfil quirúrgico medio,142651.0,11268.0,23.92,5.154274820458287,0.7404071338497569,41.1,0.78,55.5,2.62
68572,PUENTE NACIONAL,Santander,2,Perfil quirúrgico medio,336999.0,15848.0,25.53,5.527628612161765,0.7626091605774372,42.79,0.65,56.1,0.46
68573,PUERTO PARRA,Santander,4,Perfil quirúrgico con buen registro,179787.0,10990.0,27.8,5.254758285659843,0.5060985023930832,32.78,0.97,64.76,1.49
68575,PUERTO WILCHES,Santander,2,Perfil quirúrgico medio,897654.0,27451.0,15.11,5.953108970468027,0.8489964359407242,45.26,0.85,53.3,0.59
68211,CONTRATACION,Santander,2,Perfil quirúrgico medio,148330.0,9672.0,22.66,5.171228996725051,0.6277815239379636,37.24,0.95,59.31,2.5
68217,COROMORO,Santander,2,Perfil quirúrgico medio,126720.0,6205.0,3.04,5.1028451642454185,0.760392506690455,42.62,0.73,56.04,0.61
68229,CURITI,Santander,4,Perfil quirúrgico con buen registro,377223.0,16400.0,19.29,5.5765981646288125,0.530429312785029,33.73,0.67,63.58,2.02
68235,EL CARMEN DE CHUCURI,Santander,1,Alta carga NO DEFINIDO,556490.0,19292.0,36.13,5.745457364566793,0.4335387323943661,29.55,0.58,68.15,1.72
68245,EL GUACAMAYO,Santander,2,Perfil quirúrgico medio,56473.0,3844.0,4.21,4.751840859258727,0.9388954171562868,47.94,0.53,51.05,0.49
68255,EL PLAYON,Santander,4,Perfil quirúrgico con buen registro,490513.0,17805.0,13.27,5.690650521916679,0.5245927075252134,33.81,0.7,64.44,1.05
68264,ENCINO,Santander,2,Perfil quirúrgico medio,70026.0,5452.0,14.0,4.845259319443209,0.7880952380952381,43.03,0.55,54.59,1.83
68266,ENCISO,Santander,2,Perfil quirúrgico medio,106183.0,7163.0,7.75,5.026054991348332,0.9434894289666074,47.75,0.71,50.6,0.94
68271,FLORIAN,Santander,4,Perfil quirúrgico con buen registro,126200.0,7154.0,16.51,5.101059354908116,0.6006803823100599,37.08,0.57,61.72,0.63
68296,GALAN,Santander,4,Perfil quirúrgico con buen registro,103109.0,7255.0,10.96,5.013296574883385,0.6166802943581358,37.71,0.51,61.14,0.63
68298,GAMBITA,Santander,1,Alta carga NO DEFINIDO,96701.0,6389.0,38.75,4.985430965212643,0.5534898377186073,35.13,0.69,63.46,0.72
68318,GUACA,Santander,4,Perfil quirúrgico con buen registro,266650.0,8754.0,29.77,5.425941588018896,0.4742160796552236,31.91,0.39,67.28,0.42
68320,GUADALUPE,Santander,2,Perfil quirúrgico medio,162772.0,8201.0,29.44,5.211579699746459,0.7966751918158569,43.61,0.78,54.73,0.88
68322,GUAPOTA,Santander,4,Perfil quirúrgico con buen registro,57805.0,4974.0,6.76,4.761965405522486,0.62014987510408,37.24,0.59,60.04,2.13
68324,GUAVATA,Santander,2,Perfil quirúrgico medio,84652.0,5004.0,41.63,4.9276372232683805,0.6260898174041784,38.06,0.56,60.78,0.6
68327,GUEPSA,Santander,4,Perfil quirúrgico con buen registro,124022.0,7453.0,29.8,5.093498730574553,0.5739967897271268,35.76,0.65,62.29,1.3
68344,HATO,Santander,2,Perfil quirúrgico medio,56496.0,4475.0,22.18,4.752017700219022,0.6928986002048482,40.59,0.52,58.57,0.33
68368,JESUS MARIA,Santander,4,Perfil quirúrgico con buen registro,55301.0,4538.0,7.08,4.742732984660128,0.4638518518518518,31.31,0.75,67.49,0.44
68307,GIRON,Santander,3,Grandes centros urbanos,5227490.0,65896.0,16.92,6.71829321070081,0.969420818144998,47.87,0.62,49.37,2.14
68276,FLORIDABLANCA,Santander,3,Grandes centros urbanos,17261024.0,102248.0,42.04,7.237066556405721,0.5573536411232747,35.13,0.52,63.02,1.33
68101,BOLIVAR,Santander,4,Perfil quirúrgico con buen registro,308594.0,14667.0,21.2,5.489387477811953,0.4141559752054202,28.73,0.56,69.36,1.35
68250,EL PEÑON,Santander,4,Perfil quirúrgico con buen registro,89513.0,4283.0,16.11,4.951886112615043,0.5149333741767498,33.62,0.64,65.28,0.47
68547,PIEDECUESTA,Santander,3,Grandes centros urbanos,5870444.0,70589.0,31.19,6.768670949536837,0.742561909852129,41.68,0.59,56.12,1.62
68001,BUCARAMANGA,Santander,3,Grandes centros urbanos,52771886.0,152176.0,35.02,7.722402615586187,0.5631377551020408,35.32,0.5,62.71,1.47
73001,IBAGUE,Tolima,3,Grandes centros urbanos,24332997.0,135457.0,13.22,7.386195602576675,0.9398360983409956,47.02,0.69,50.02,2.27
73024,ALPUJARRA,Tolima,1,Alta carga NO DEFINIDO,191367.0,11127.0,36.99,5.281867048626103,0.5570703868103996,35.14,0.67,63.07,1.13
73026,ALVARADO,Tolima,1,Alta carga NO DEFINIDO,436392.0,17754.0,43.3,5.639876780441279,0.4670065986802639,31.14,0.57,66.67,1.61
73030,AMBALEMA,Tolima,1,Alta carga NO DEFINIDO,299656.0,16223.0,49.74,5.476622977980456,0.5494907702100573,34.53,1.15,62.83,1.49
73043,ANZOATEGUI,Tolima,1,Alta carga NO DEFINIDO,386293.0,15975.0,57.82,5.586916838383191,0.5174749807544264,33.61,0.94,64.94,0.51
73055,ARMERO,Tolima,1,Alta carga NO DEFINIDO,484246.0,16188.0,56.17,5.685066042018712,0.4702532594035665,31.38,0.82,66.72,1.08
73067,ATACO,Tolima,1,Alta carga NO DEFINIDO,751840.0,19698.0,58.51,5.876125427678876,0.3954770318021201,27.98,0.65,70.74,0.63
73124,CAJAMARCA,Tolima,1,Alta carga NO DEFINIDO,802624.0,24852.0,43.8,5.904512141831572,0.4761191795178918,31.8,0.83,66.78,0.59
73148,CARMEN DE APICALA,Tolima,2,Perfil quirúrgico medio,372953.0,21214.0,33.85,5.5716541049272985,0.7065993383249173,40.58,0.8,57.42,1.21
73152,CASABIANCA,Tolima,2,Perfil quirúrgico medio,255271.0,11442.0,48.97,5.407001479687337,0.7968664601931136,43.74,0.72,54.88,0.66
73168,CHAPARRAL,Tolima,1,Alta carga NO DEFINIDO,1667205.0,27645.0,53.73,6.221989004084134,0.4913050052926054,32.49,1.0,66.12,0.39
73200,COELLO,Tolima,5,Alta demanda de urgencias,127988.0,8964.0,29.12,5.10716925263155,0.5633289124668435,33.98,0.85,60.31,4.86
73217,COYAIMA,Tolima,1,Alta carga NO DEFINIDO,580458.0,14893.0,47.21,5.763770801114851,0.3673271442427601,26.51,0.68,72.16,0.64
73226,CUNDAY,Tolima,1,Alta carga NO DEFINIDO,315577.0,14313.0,51.19,5.499105343279215,0.6154606889731334,37.34,0.71,60.66,1.29
73236,DOLORES,Tolima,1,Alta carga NO DEFINIDO,196453.0,9563.0,44.63,5.293258665234858,0.5829437369014993,36.16,0.87,62.02,0.96
73268,ESPINAL,Tolima,5,Alta demanda de urgencias,4121541.0,60316.0,16.43,6.615059624447874,0.6834773408569916,38.76,0.68,56.7,3.85
73270,FALAN,Tolima,2,Perfil quirúrgico medio,169596.0,9745.0,32.57,5.229415605005521,0.6280853902601734,37.66,1.2,59.95,1.19
73275,FLANDES,Tolima,3,Grandes centros urbanos,733538.0,25544.0,27.23,5.865422616833483,0.5963678010471205,36.45,0.74,61.11,1.71
73283,FRESNO,Tolima,2,Perfil quirúrgico medio,798584.0,26193.0,21.68,5.9023206046545615,0.6008492569002123,36.79,1.22,61.22,0.77
73319,GUAMO,Tolima,1,Alta carga NO DEFINIDO,958427.0,26225.0,35.37,5.981559039796742,0.536723163841808,34.2,0.8,63.71,1.29
73347,HERVEO,Tolima,2,Perfil quirúrgico medio,90135.0,6050.0,26.08,4.95489346306892,0.8929327941459657,46.37,1.15,51.92,0.56
73352,ICONONZO,Tolima,5,Alta demanda de urgencias,384763.0,19789.0,30.77,5.5851933022732,0.6569797612869746,37.98,0.6,57.8,3.62
73408,LERIDA,Tolima,2,Perfil quirúrgico medio,1293671.0,34038.0,37.14,6.1118238427533615,0.6896016554578377,39.99,1.07,57.98,0.96
73411,LIBANO,Tolima,1,Alta carga NO DEFINIDO,2366798.0,40188.0,53.95,6.374161193616073,0.4125884221163562,28.58,0.47,69.26,1.69
73443,MARIQUITA,Tolima,3,Grandes centros urbanos,1856915.0,40981.0,26.79,6.268792024431305,0.7540719527474495,42.13,0.83,55.86,1.17
73449,MELGAR,Tolima,3,Grandes centros urbanos,1930001.0,52525.0,12.12,6.2855575340307634,0.7293842275837235,40.51,0.78,55.53,3.19
73461,MURILLO,Tolima,2,Perfil quirúrgico medio,120511.0,7671.0,52.76,5.081026690240895,0.6820284392667467,39.81,0.96,58.36,0.87
73483,NATAGAIMA,Tolima,2,Perfil quirúrgico medio,296311.0,13175.0,42.46,5.471747774161883,0.6328694499668656,38.2,0.82,60.35,0.63
73504,ORTEGA,Tolima,1,Alta carga NO DEFINIDO,575029.0,19080.0,36.82,5.759689747685082,0.4838856105310939,31.98,1.01,66.08,0.93
73520,PALOCABILDO,Tolima,2,Perfil quirúrgico medio,373922.0,14989.0,48.65,5.572781017969207,0.7106316338959457,40.84,0.87,57.46,0.83
73547,PIEDRAS,Tolima,4,Perfil quirúrgico con buen registro,167694.0,10808.0,24.98,5.2245175240640025,0.4758909853249476,31.78,0.63,66.77,0.82
73555,PLANADAS,Tolima,2,Perfil quirúrgico medio,641394.0,18517.0,35.38,5.807124892949641,0.5843276362463722,36.24,1.03,62.01,0.72
73563,PRADO,Tolima,1,Alta carga NO DEFINIDO,355065.0,14636.0,48.58,5.550307864484055,0.3445239405613648,25.04,0.7,72.67,1.59
73585,PURIFICACION,Tolima,5,Alta demanda de urgencias,985741.0,32166.0,40.76,5.993762820573381,0.4793271498192108,30.49,0.93,63.6,4.99
73616,RIOBLANCO,Tolima,1,Alta carga NO DEFINIDO,559763.0,12090.0,67.79,5.748004188472961,0.3644756786550915,26.45,0.74,72.56,0.25
73622,RONCESVALLES,Tolima,2,Perfil quirúrgico medio,86000.0,6573.0,31.33,4.934498451243568,1.0758824772775313,50.9,1.29,47.3,0.51
73624,ROVIRA,Tolima,2,Perfil quirúrgico medio,623796.0,20496.0,41.57,5.795042585580635,0.759656652360515,42.48,0.87,55.91,0.74
73671,SALDAÑA,Tolima,1,Alta carga NO DEFINIDO,357233.0,15136.0,41.28,5.552951570753811,0.4318516337945245,29.34,0.81,67.93,1.92
73675,SAN ANTONIO,Tolima,1,Alta carga NO DEFINIDO,305083.0,11396.0,52.79,5.484418008324516,0.5659744408945687,35.43,1.38,62.59,0.6
73678,SAN LUIS,Tolima,2,Perfil quirúrgico medio,302784.0,13940.0,32.29,5.481132922032453,0.623560381704508,37.9,0.73,60.77,0.6
73686,SANTA ISABEL,Tolima,1,Alta carga NO DEFINIDO,160343.0,9005.0,48.08,5.205050004939661,0.524732516669251,33.84,0.83,64.48,0.85
73770,SUAREZ,Tolima,2,Perfil quirúrgico medio,122655.0,9191.0,22.2,5.0886852568077865,0.7397950008991189,41.14,0.71,55.6,2.54
73854,VALLE DE SAN JUAN,Tolima,4,Perfil quirúrgico con buen registro,151067.0,8588.0,23.45,5.179169604755022,0.4343331391962725,29.83,0.85,68.67,0.64
73861,VENADILLO,Tolima,1,Alta carga NO DEFINIDO,362061.0,14101.0,32.77,5.55878174658728,0.5116171718725957,33.25,0.91,64.98,0.86
73870,VILLAHERMOSA,Tolima,1,Alta carga NO DEFINIDO,263490.0,10426.0,55.28,5.420764137471791,0.600194868463787,36.96,0.67,61.57,0.8
73873,VILLARRICA,Tolima,2,Perfil quirúrgico medio,78041.0,7140.0,14.81,4.892322825710941,0.8442162371633405,43.57,1.41,51.6,3.43
13300,HATILLO DE LOBA,Bolívar,4,Perfil quirúrgico con buen registro,252855.0,8019.0,8.49,5.402871545870243,0.4136878814298168,28.47,0.38,68.81,2.34
13650,SAN FERNANDO,Bolívar,4,Perfil quirúrgico con buen registro,347666.0,9944.0,14.89,5.541162220926623,0.3877836929111795,27.68,0.33,71.37,0.61
13430,MAGANGUE,Bolívar,3,Grandes centros urbanos,4421058.0,44006.0,15.39,6.645526212466318,0.7313432835820896,41.65,0.41,56.94,0.99
25307,GIRARDOT,Cundinamarca,3,Grandes centros urbanos,8332120.0,93044.0,17.69,6.9207555160719805,0.7406402604449268,40.95,0.88,55.28,2.9
25754,SOACHA,Cundinamarca,3,Grandes centros urbanos,19327980.0,111304.0,19.01,7.286186467546681,0.6357538151936944,37.91,0.7,59.62,1.77
25175,CHIA,Cundinamarca,3,Grandes centros urbanos,7502703.0,88395.0,22.11,6.875217754924897,0.7156189469977109,40.64,0.67,56.78,1.91
25260,EL ROSAL,Cundinamarca,3,Grandes centros urbanos,812616.0,28128.0,7.8,5.909885369114318,0.7836172526277637,43.24,0.74,55.17,0.85
25473,MOSQUERA,Cundinamarca,3,Grandes centros urbanos,3958331.0,61036.0,13.32,6.597512107571998,0.7196704067321178,41.05,0.79,57.03,1.13
25740,SIBATE,Cundinamarca,2,Perfil quirúrgico medio,1143677.0,32223.0,28.98,6.058303387285248,0.7645191409897292,40.94,3.86,53.54,1.66
25290,FUSAGASUGA,Cundinamarca,3,Grandes centros urbanos,8340586.0,76323.0,24.6,6.921196564741559,0.6264443710795643,37.95,0.65,60.57,0.83
25662,SAN JUAN DE RIO SECO,Cundinamarca,5,Alta demanda de urgencias,219716.0,16234.0,28.96,5.341861683951449,0.5550481161311369,34.03,1.33,61.3,3.35
73349,HONDA,Tolima,5,Alta demanda de urgencias,1201312.0,37721.0,37.32,6.079655815297231,0.6864797728885734,38.69,0.93,56.35,4.03
5631,SABANETA,Antioquia,3,Grandes centros urbanos,2025702.0,40254.0,12.79,6.306575556880837,0.738379341050757,41.46,1.04,56.14,1.36
5380,LA ESTRELLA,Antioquia,3,Grandes centros urbanos,1809258.0,51720.0,7.58,6.257500501623184,1.079666809055959,50.55,0.9,46.81,1.74
